Order_ID,Order_Date,Category,Quantity,Unit_Price,Customer_ID,Product_Name
ORD_0524,31-02-2023,Books,4.0,117.37,CUST_8545,Cooking 101
ORD_0603,13/13/2023,Electronics,4.0,424.47,CUST_9848,Tablet Lite
ORD_0527,00-01-2023,Home & Kitchen,10.0,96.29,CUST_7589,Cutlery Set
ORD_0032,02/30/2023,Electronics,5.0,224.88,CUST_5177,Smart Watch
ORD_0617,InvalidDate,Books,6.0,440.95,CUST_8984,Data Science Handbook
ORD_0586,2023-02-08,Clothing,6.0,23.48,CUST_1896,Winter Jacket
ORD_0445,2023-02-27,Home & Kitchen,2.0,289.62,CUST_2504,Yoga Mat
ORD_0733,2023-08-05,Electronics,,44.74,CUST_9307,Smartphone X
ORD_0077,2023-09-28,Home & Kitchen,9.0,326.59,CUST_1489,Yoga Mat
ORD_0412,2023-09-21,Clothing,4.0,58.93,CUST_5876,Denim Jeans
ORD_0569,2023-04-10,Books,8.0,261.23,CUST_7251,Cooking 101
ORD_0071,2023-02-13,Books,10.0,279.3,CUST_9411,Cooking 101
ORD_0676,2023-01-14,Home & Kitchen,-2.0,284.44,,Coffee Maker
ORD_0102,2023-04-03,Clothing,1.0,43.02,CUST_8485,Cotton T-Shirt
ORD_0895,2023-01-07,Sports,5.0,209.74,CUST_8701,Running Shoes
ORD_0926,2023-08-16,Home & Kitchen,3.0,193.02,CUST_7135,Yoga Mat
ORD_0630,2023-10-02,Clothing,5.0,466.19,CUST_5621,Formal Shirt
ORD_0300,2023-10-16,Books,5.0,153.33,CUST_3430,Cooking 101
ORD_0925,2023-04-21,Home & Kitchen,9.0,319.79,CUST_5427,Blender
ORD_0425,2023-11-04,Books,8.0,440.05,CUST_2756,Data Science Handbook
ORD_0097,2023-11-23,Home & Kitchen,9.0,455.97,CUST_3561,Blender
ORD_0901,2023-01-10,Home & Kitchen,9.0,15.63,CUST_7155,Coffee Maker
ORD_0261,2023-12-12,Electronics,6.0,108.32,CUST_2230,Smartphone X
ORD_0351,2023-11-19,Electronics,5.0,290.19,CUST_3535,Smart Watch
ORD_0529,2023-04-03,Home & Kitchen,10.0,16.38,CUST_3341,Desk Lamp
ORD_0695,2023-11-12,Clothing,7.0,87.09,CUST_2764,Formal Shirt
ORD_0362,2023-04-24,Clothing,9.0,423.68,CUST_2574,Winter Jacket
ORD_0612,2023-02-05,Clothing,0.0,300.96,CUST_4580,Denim Jeans
ORD_0885,2023-08-02,Books,7.0,254.72,CUST_5873,Data Science Handbook
ORD_0721,2023-01-05,Clothing,7.0,68.06,CUST_4246,Formal Shirt
ORD_0487,2023-11-21,Books,5.0,365.24,CUST_9039,Sci-Fi Novel
ORD_0694,2023-07-05,Home & Kitchen,3.0,335.92,CUST_5552,Coffee Maker
ORD_0679,2023-02-23,Books,2.0,94.32,CUST_3710,History of Rome
ORD_0810,2023-03-07,Books,8.0,310.01,CUST_2810,Python Crash Course
ORD_0409,2023-09-28,Clothing,8.0,413.42,CUST_9519,Winter Jacket
ORD_0741,2023-11-07,Clothing,6.0,101.59,CUST_3941,Formal Shirt
ORD_0214,2023-05-06,Clothing,7.0,485.11,CUST_2135,Cotton T-Shirt
ORD_0590,2023-07-05,Clothing,4.0,,CUST_3432,Cotton T-Shirt
ORD_0366,2023-05-07,Clothing,5.0,439.0,CUST_2445,Cotton T-Shirt
ORD_0200,2023-10-22,Home & Kitchen,5.0,358.33,CUST_2448,Cutlery Set
ORD_0637,2023-01-19,Books,7.0,364.33,CUST_2939,Sci-Fi Novel
ORD_0629,2023-09-09,Home & Kitchen,1.0,152.11,CUST_6368,Yoga Mat
ORD_0829,2023-01-08,Clothing,9.0,254.04,CUST_2859,Winter Jacket
ORD_0353,2023-01-18,Clothing,7.0,472.06,CUST_3032,Running Shorts
ORD_0330,2023-01-17,Home & Kitchen,6.0,442.18,CUST_3153,Desk Lamp
ORD_0982,2023-11-22,Sports,8.0,473.11,CUST_5078,Water Bottle
ORD_0838,2023-06-09,Sports,3.0,224.81,CUST_1287,Running Shoes
ORD_0245,2023-05-28,Books,3.0,486.05,,Data Science Handbook
ORD_0287,2023-08-15,Clothing,5.0,59.46,CUST_9301,Winter Jacket
ORD_0290,2023-02-06,Clothing,10.0,65.34,CUST_7711,Running Shorts
ORD_0599,2023-05-26,Clothing,6.0,421.43,CUST_7845,Winter Jacket
ORD_0762,2023-02-03,Electronics,8.0,392.69,CUST_5922,Tablet Lite
ORD_0060,2023-07-25,Sports,10.0,11.03,CUST_4439,Yoga Mat
ORD_0623,2023-11-23,Electronics,3.0,389.21,CUST_1985,Laptop Pro
ORD_0319,2023-10-04,Clothing,4.0,267.88,CUST_5920,Winter Jacket
ORD_0011,2023-11-27,Clothing,2.0,446.83,CUST_1658,Formal Shirt
ORD_0238,2023-11-22,Clothing,10.0,11.55,CUST_4882,Formal Shirt
ORD_0332,2023-08-08,Books,5.0,363.64,,History of Rome
ORD_0706,2023-08-08,Electronics,1.0,17.87,CUST_8701,Laptop Pro
ORD_0087,2023-10-07,Books,1.0,373.08,CUST_1615,History of Rome
ORD_0804,2023-04-16,Clothing,2.0,267.62,CUST_3965,Cotton T-Shirt
ORD_0175,2023-08-13,Clothing,4.0,420.89,CUST_8832,Cotton T-Shirt
ORD_0313,2023-12-31,Sports,4.0,362.7,CUST_6462,Water Bottle
ORD_0463,2023-03-17,Clothing,5.0,339.1,CUST_9690,Running Shorts
ORD_0219,2023-09-06,Sports,2.0,251.05,CUST_5875,Yoga Mat
ORD_0031,2023-02-28,Home & Kitchen,7.0,236.8,CUST_5780,Coffee Maker
ORD_0548,2023-01-06,Clothing,8.0,305.5,CUST_5440,Winter Jacket
ORD_0665,2023-08-01,Books,6.0,379.38,CUST_3418,Python Crash Course
ORD_0055,2023-02-22,Electronics,10.0,155.4,CUST_6167,Smartphone X
ORD_0024,2023-10-06,Clothing,5.0,299.53,CUST_3581,Denim Jeans
ORD_0257,2023-04-09,Books,10.0,369.2,CUST_1464,Sci-Fi Novel
ORD_0451,2023-05-06,Books,8.0,278.01,CUST_4303,Python Crash Course
ORD_0004,2023-04-17,Clothing,1.0,485.68,CUST_4904,Formal Shirt
ORD_0834,2023-12-18,Clothing,4.0,405.52,CUST_2170,Cotton T-Shirt
ORD_0553,2023-09-25,Books,6.0,,CUST_5298,Data Science Handbook
ORD_0639,2023-05-06,Books,2.0,109.75,CUST_9095,Sci-Fi Novel
ORD_0478,2023-04-10,Sports,8.0,145.36,CUST_8737,Running Shoes
ORD_0957,2023-05-17,Home & Kitchen,2.0,442.01,CUST_1615,Blender
ORD_0663,2023-05-29,Home & Kitchen,10.0,196.54,CUST_7726,Yoga Mat
ORD_0519,2023-01-12,Home & Kitchen,5.0,321.9,CUST_7511,Cutlery Set
ORD_0961,2023-02-09,Electronics,8.0,68.02,CUST_5942,Smartphone X
ORD_0954,2023-04-05,Clothing,4.0,179.16,CUST_4866,Running Shorts
ORD_0980,2023-10-27,Books,8.0,291.95,CUST_9832,Data Science Handbook
ORD_0576,2023-02-21,Sports,,145.02,CUST_9923,Water Bottle
ORD_0540,2023-06-13,Electronics,8.0,388.81,CUST_9662,Laptop Pro
ORD_0216,2023-02-22,Electronics,2.0,261.32,CUST_8226,Wireless Earbuds
ORD_0738,2023-04-08,Clothing,2.0,317.72,CUST_8381,Formal Shirt
ORD_0999,2023-12-22,Home & Kitchen,7.0,443.95,CUST_4744,Blender
ORD_0714,2023-10-30,Sports,,255.53,CUST_8483,Basketball
ORD_0668,2023-08-17,Sports,,263.62,CUST_6244,Yoga Mat
ORD_0040,2023-09-01,Sports,2.0,270.48,CUST_1002,Yoga Mat
ORD_0232,2023-08-28,Home & Kitchen,6.0,305.04,CUST_9996,Yoga Mat
ORD_0495,2023-09-14,Home & Kitchen,1.0,31.84,CUST_5005,Desk Lamp
ORD_0705,2023-07-31,Electronics,-4.0,454.22,CUST_1725,Wireless Earbuds
ORD_0968,2023-03-16,Clothing,5.0,377.2,CUST_3237,Denim Jeans
ORD_0067,2023-09-17,Sports,7.0,402.17,CUST_3618,Dumbbell Set
ORD_0295,2023-12-06,Clothing,9.0,357.95,CUST_2036,Running Shorts
ORD_0068,2023-11-06,Electronics,,334.71,CUST_5678,Smartphone X
ORD_0480,2023-11-09,Home & Kitchen,7.0,268.36,CUST_4176,Coffee Maker
ORD_0329,2023-02-18,Sports,5.0,87.73,CUST_6518,Running Shoes
ORD_0627,2023-10-19,Electronics,5.0,237.01,CUST_7289,Laptop Pro
ORD_0108,2023-08-19,Clothing,2.0,432.25,CUST_7111,Denim Jeans
ORD_0984,2023-11-20,Home & Kitchen,8.0,252.89,CUST_5042,Blender
ORD_0347,2023-10-07,Home & Kitchen,4.0,415.09,CUST_5143,Yoga Mat
ORD_0299,2023-09-03,Clothing,3.0,206.64,,Denim Jeans
ORD_0644,2023-05-06,Home & Kitchen,4.0,103.65,CUST_6184,Blender
ORD_0308,2023-01-22,Books,-2.0,26.5,CUST_4199,Data Science Handbook
ORD_0855,2023-02-03,Books,8.0,218.14,CUST_6002,Data Science Handbook
ORD_0507,2023-06-12,Home & Kitchen,8.0,234.71,CUST_9002,Desk Lamp
ORD_0297,2023-06-18,Sports,3.0,113.45,CUST_3148,Water Bottle
ORD_0881,2023-07-26,Electronics,9.0,211.56,CUST_8984,Smart Watch
ORD_0667,2023-09-09,Sports,4.0,141.82,CUST_2001,Basketball
ORD_0101,2023-05-16,Books,10.0,410.19,CUST_5886,Data Science Handbook
ORD_0089,2023-09-09,Books,5.0,416.22,CUST_8404,History of Rome
ORD_0064,2023-01-02,Home & Kitchen,4.0,437.08,CUST_8871,Coffee Maker
ORD_0844,2023-04-02,Electronics,3.0,109.97,CUST_7337,Smartphone X
ORD_0889,2023-08-04,Books,10.0,215.5,CUST_2015,Sci-Fi Novel
ORD_0140,2023-12-18,Electronics,4.0,284.25,CUST_2205,Smartphone X
ORD_0758,2023-06-22,Home & Kitchen,5.0,491.2,CUST_3345,Yoga Mat
ORD_0616,2023-06-14,Sports,6.0,154.67,CUST_2015,Basketball
ORD_0500,2023-12-02,Electronics,7.0,475.04,CUST_7797,Tablet Lite
ORD_0666,2023-07-22,Books,9.0,20.13,CUST_5198,Data Science Handbook
ORD_0585,2023-02-26,Sports,10.0,487.44,CUST_8000,Basketball
ORD_0110,2023-01-28,Home & Kitchen,7.0,120.88,CUST_1922,Coffee Maker
ORD_0917,2023-01-13,Electronics,1.0,134.89,CUST_3172,Laptop Pro
ORD_0651,2023-07-09,Electronics,9.0,449.06,CUST_1807,Smart Watch
ORD_0534,2023-11-10,Home & Kitchen,5.0,352.17,CUST_6043,Cutlery Set
ORD_0446,2023-02-05,Books,6.0,288.37,CUST_4308,Data Science Handbook
ORD_0606,2023-01-07,Books,7.0,413.35,CUST_1589,History of Rome
ORD_0137,2023-02-11,Clothing,6.0,270.23,CUST_5172,Winter Jacket
ORD_0812,2023-09-30,Sports,5.0,470.14,CUST_2909,Dumbbell Set
ORD_0515,2023-11-26,Clothing,10.0,268.34,CUST_7995,Running Shorts
ORD_0754,2023-03-26,Clothing,4.0,342.0,CUST_5586,Running Shorts
ORD_0159,2023-07-03,Home & Kitchen,8.0,193.65,CUST_9305,Blender
ORD_0311,2023-02-07,Sports,7.0,382.21,CUST_7059,Dumbbell Set
ORD_0328,2023-11-07,Sports,,206.71,CUST_9080,Yoga Mat
ORD_0137,2023-02-11,Clothing,6.0,270.23,CUST_5172,Winter Jacket
ORD_0936,2023-06-29,Sports,9.0,443.34,CUST_9044,Basketball
ORD_0255,2023-05-31,Clothing,4.0,411.7,CUST_3259,Running Shorts
ORD_0276,2023-05-11,Electronics,2.0,205.56,CUST_5145,Smart Watch
ORD_0902,2023-10-21,Sports,3.0,210.3,CUST_6543,Basketball
ORD_0185,2023-06-14,Books,7.0,90.97,CUST_2338,Cooking 101
ORD_0583,2023-05-31,Sports,6.0,452.1,CUST_7686,Yoga Mat
ORD_0661,2023-11-13,Home & Kitchen,10.0,275.81,CUST_1961,Yoga Mat
ORD_0897,2023-04-21,Electronics,,23.87,CUST_5563,Smart Watch
ORD_0210,2023-02-23,Home & Kitchen,4.0,38.29,CUST_8086,Blender
ORD_0169,2023-10-13,Books,2.0,389.03,CUST_6660,Cooking 101
ORD_0867,2023-12-16,Sports,7.0,261.67,CUST_7761,Basketball
ORD_0281,2023-04-26,Home & Kitchen,2.0,160.01,CUST_8972,Coffee Maker
ORD_0900,2023-08-27,Books,7.0,359.35,CUST_6593,Data Science Handbook
ORD_0542,2023-11-07,Home & Kitchen,5.0,123.7,CUST_1090,Desk Lamp
ORD_0056,2023-12-06,Electronics,7.0,362.03,CUST_6255,Smart Watch
ORD_0121,2023-06-21,Books,2.0,267.65,,History of Rome
ORD_0555,2023-01-13,Sports,6.0,405.96,CUST_5287,Basketball
ORD_0026,2023-01-22,Home & Kitchen,7.0,428.53,CUST_3763,Cutlery Set
ORD_0073,2023-07-21,Electronics,6.0,208.08,CUST_3972,Laptop Pro
ORD_0539,2023-06-09,Electronics,6.0,428.57,CUST_8531,Wireless Earbuds
ORD_0045,2023-01-21,Clothing,8.0,31.98,CUST_7003,Cotton T-Shirt
ORD_0498,2023-01-16,Clothing,6.0,382.93,CUST_4358,Denim Jeans
ORD_0199,2023-09-25,Electronics,9.0,427.75,CUST_4414,Smart Watch
ORD_0378,2023-11-02,Electronics,2.0,198.71,CUST_3294,Wireless Earbuds
ORD_0315,2023-09-21,Clothing,6.0,232.43,,Denim Jeans
ORD_0719,2023-09-08,Sports,10.0,161.33,CUST_2106,Yoga Mat
ORD_0209,2023-08-08,Sports,6.0,279.17,CUST_1615,Dumbbell Set
ORD_0722,2023-04-29,Home & Kitchen,6.0,481.14,CUST_3931,Blender
ORD_0919,2023-01-25,Home & Kitchen,8.0,47.55,CUST_4977,Blender
ORD_0536,2023-03-16,Clothing,4.0,476.92,CUST_8192,Winter Jacket
ORD_0696,2023-06-27,Books,10.0,68.25,CUST_3671,Data Science Handbook
ORD_0605,2023-08-18,Clothing,-5.0,383.92,CUST_5591,Cotton T-Shirt
ORD_0591,2023-08-11,Home & Kitchen,7.0,82.61,CUST_4904,Blender
ORD_0291,2023-12-15,Sports,9.0,422.62,CUST_1649,Yoga Mat
ORD_0960,2023-01-31,Electronics,9.0,295.25,CUST_3253,Laptop Pro
ORD_0333,2023-06-07,Electronics,10.0,143.06,CUST_5774,Smart Watch
ORD_0211,2023-12-09,Clothing,2.0,343.57,CUST_5749,Running Shorts
ORD_0343,2023-04-05,Home & Kitchen,5.0,176.78,CUST_4109,Blender
ORD_0061,2023-03-22,Home & Kitchen,10.0,361.61,CUST_3854,Yoga Mat
ORD_0345,2023-07-07,Home & Kitchen,2.0,50.53,CUST_7587,Blender
ORD_0891,2023-06-03,Home & Kitchen,6.0,,CUST_9745,Yoga Mat
ORD_0712,2023-09-13,Books,7.0,57.78,CUST_1972,Data Science Handbook
ORD_0468,2023-10-12,Electronics,3.0,328.97,CUST_8282,Tablet Lite
ORD_0424,2023-11-07,Clothing,1.0,365.18,CUST_1497,Winter Jacket
ORD_0260,2023-05-24,Sports,9.0,495.37,CUST_8431,Basketball
ORD_0781,2023-10-30,Clothing,3.0,306.69,CUST_3843,Winter Jacket
ORD_0406,2023-06-29,Clothing,5.0,51.82,CUST_6850,Denim Jeans
ORD_0789,2023-09-09,Home & Kitchen,4.0,94.33,CUST_2404,Blender
ORD_0768,2023-09-07,Books,8.0,458.22,CUST_8143,Sci-Fi Novel
ORD_0484,2023-09-07,Clothing,6.0,406.83,,Winter Jacket
ORD_0531,2023-04-25,Books,1.0,416.4,CUST_9185,History of Rome
ORD_0811,2023-11-26,Electronics,5.0,114.41,CUST_5566,Smart Watch
ORD_1000,2023-11-29,Books,7.0,118.73,CUST_6594,History of Rome
ORD_0967,2023-08-08,Books,5.0,174.48,CUST_6229,Sci-Fi Novel
ORD_0111,2023-05-15,Books,5.0,198.28,CUST_3915,Sci-Fi Novel
ORD_0996,2023-02-07,Books,9.0,430.08,CUST_3076,Data Science Handbook
ORD_0559,2023-12-27,Sports,10.0,134.37,CUST_1310,Yoga Mat
ORD_0794,2023-04-12,Home & Kitchen,9.0,234.43,CUST_8954,Yoga Mat
ORD_0937,2023-10-09,Books,3.0,178.94,CUST_5218,Cooking 101
ORD_0920,2023-03-09,Books,8.0,437.59,CUST_3669,Python Crash Course
ORD_0943,2023-10-16,Electronics,8.0,211.44,CUST_8148,Smart Watch
ORD_0320,2023-10-13,Books,3.0,236.95,CUST_7324,Sci-Fi Novel
ORD_0517,2023-02-13,Electronics,9.0,332.97,CUST_5182,Wireless Earbuds
ORD_0450,2023-06-04,Sports,1.0,,CUST_2690,Running Shoes
ORD_0784,2023-12-07,Sports,8.0,319.04,CUST_1969,Water Bottle
ORD_0594,2023-06-12,Books,1.0,221.38,CUST_5500,Python Crash Course
ORD_0910,2023-09-30,Sports,6.0,414.98,CUST_8206,Water Bottle
ORD_0744,2023-12-17,Electronics,6.0,103.8,CUST_7197,Laptop Pro
ORD_0138,2023-06-28,Books,10.0,422.44,CUST_7033,Cooking 101
ORD_0800,2023-06-15,Electronics,2.0,286.19,,Laptop Pro
ORD_0934,2023-04-11,Books,9.0,265.58,CUST_1662,Python Crash Course
ORD_0823,2023-04-21,Electronics,2.0,118.04,CUST_9579,Wireless Earbuds
ORD_0766,2023-02-08,Books,,169.37,,Python Crash Course
ORD_0262,2023-04-22,Clothing,1.0,497.38,CUST_4805,Formal Shirt
ORD_0568,2023-06-26,Home & Kitchen,3.0,252.39,CUST_3011,Cutlery Set
ORD_0833,2023-07-14,Books,9.0,51.31,CUST_5675,Python Crash Course
ORD_0382,2023-02-05,Electronics,7.0,320.87,CUST_8243,Tablet Lite
ORD_0334,2023-02-15,Home & Kitchen,7.0,,CUST_8692,Cutlery Set
ORD_0537,2023-05-08,Books,3.0,483.86,CUST_3672,Python Crash Course
ORD_0352,2023-05-08,Clothing,4.0,454.53,CUST_2932,Formal Shirt
ORD_0786,2023-03-16,Sports,8.0,347.99,CUST_7124,Dumbbell Set
ORD_0452,2023-04-28,Electronics,2.0,416.58,CUST_4113,Smart Watch
ORD_0079,2023-09-09,Books,9.0,445.14,,History of Rome
ORD_0030,2023-02-18,Home & Kitchen,7.0,149.6,CUST_9923,Desk Lamp
ORD_0713,2023-07-16,Sports,6.0,283.9,CUST_6634,Running Shoes
ORD_0278,2023-02-23,Sports,9.0,147.36,CUST_7628,Yoga Mat
ORD_0248,2023-11-04,Clothing,9.0,383.67,CUST_8212,Winter Jacket
ORD_0658,2023-06-22,Books,3.0,208.82,CUST_5887,History of Rome
ORD_0307,2023-06-25,Clothing,7.0,117.44,CUST_2447,Denim Jeans
ORD_0166,2023-04-18,Home & Kitchen,6.0,84.28,CUST_9706,Blender
ORD_0817,2023-02-22,Books,9.0,34.74,CUST_8910,Data Science Handbook
ORD_0179,2023-08-21,Electronics,4.0,96.81,CUST_1650,Wireless Earbuds
ORD_0486,2023-09-03,Books,2.0,175.3,CUST_6869,Sci-Fi Novel
ORD_0066,2023-04-16,Books,6.0,335.99,CUST_4612,Python Crash Course
ORD_0142,2023-08-29,Sports,5.0,92.01,CUST_6669,Water Bottle
ORD_0437,2023-02-27,Home & Kitchen,9.0,190.19,,Coffee Maker
ORD_0523,2023-08-30,Electronics,9.0,266.04,CUST_4970,Tablet Lite
ORD_0845,2023-06-19,Home & Kitchen,9.0,330.46,CUST_3363,Blender
ORD_0421,2023-12-16,Home & Kitchen,-5.0,171.82,CUST_4357,Yoga Mat
ORD_0405,2023-11-01,Home & Kitchen,1.0,293.8,CUST_7129,Cutlery Set
ORD_0680,2023-09-16,Clothing,8.0,486.49,CUST_9644,Formal Shirt
ORD_0266,2023-09-11,Books,4.0,177.47,CUST_4135,Cooking 101
ORD_0880,2023-06-29,Electronics,6.0,395.81,CUST_4009,Smartphone X
ORD_0293,2023-07-13,Books,2.0,244.35,CUST_8587,Python Crash Course
ORD_0222,2023-11-20,Home & Kitchen,1.0,266.0,CUST_5627,Blender
ORD_0828,2023-04-05,Sports,5.0,335.85,CUST_1277,Basketball
ORD_0236,2023-04-05,Sports,10.0,498.1,CUST_9135,Running Shoes
ORD_0526,2023-03-12,Clothing,6.0,460.5,CUST_1627,Running Shorts
ORD_0193,2023-04-06,Sports,6.0,157.24,CUST_5383,Yoga Mat
ORD_0322,2023-10-11,Electronics,6.0,158.57,CUST_9417,Tablet Lite
ORD_0050,2023-12-11,Electronics,1.0,367.63,,Wireless Earbuds
ORD_0892,2023-01-14,Sports,5.0,303.43,CUST_3350,Running Shoes
ORD_0003,2023-09-28,Electronics,1.0,395.51,CUST_3679,Smart Watch
ORD_0818,2023-07-24,Books,7.0,317.47,CUST_7382,Data Science Handbook
ORD_0371,2023-09-03,Clothing,8.0,472.55,CUST_8579,Running Shorts
ORD_0922,2023-08-21,Books,6.0,115.87,CUST_4981,Data Science Handbook
ORD_0250,2023-02-08,Electronics,3.0,24.97,CUST_6047,Wireless Earbuds
ORD_0549,2023-05-31,Clothing,6.0,419.35,CUST_8347,Denim Jeans
ORD_0433,2023-04-30,Sports,,429.99,CUST_4435,Basketball
ORD_0939,2023-08-14,Clothing,8.0,213.11,CUST_6874,Cotton T-Shirt
ORD_0508,2023-02-02,Books,1.0,284.83,CUST_5247,History of Rome
ORD_0034,2023-09-28,Sports,4.0,40526.00230982245,CUST_3604,Yoga Mat
ORD_0205,2023-06-07,Clothing,8.0,183.2,CUST_7982,Denim Jeans
ORD_0890,2023-12-31,Electronics,9.0,255.04,CUST_2384,Laptop Pro
ORD_0589,2023-02-11,Clothing,3.0,122.06,CUST_5647,Formal Shirt
ORD_0731,2023-09-10,Electronics,5.0,410.04,CUST_7782,Smartphone X
ORD_0078,2023-08-03,Electronics,10.0,326.76,CUST_6876,Laptop Pro
ORD_0085,2023-04-12,Electronics,8.0,94.21,CUST_1053,Wireless Earbuds
ORD_0306,2023-02-02,Home & Kitchen,4.0,279.0,CUST_2289,Desk Lamp
ORD_0083,2023-07-27,Home & Kitchen,9.0,66.71,CUST_4340,Coffee Maker
ORD_0449,2023-10-17,Sports,10.0,,CUST_9263,Running Shoes
ORD_0998,2023-05-19,Sports,,209.98,CUST_3994,Yoga Mat
ORD_0752,2023-03-24,Clothing,10.0,51.12,CUST_2881,Winter Jacket
ORD_0532,2023-04-15,Sports,9.0,368.74,CUST_1249,Yoga Mat
ORD_0324,2023-10-31,Sports,5.0,286.01,CUST_6208,Basketball
ORD_0496,2023-11-21,Clothing,8.0,213.66,CUST_1183,Cotton T-Shirt
ORD_0911,2023-08-19,Electronics,4.0,228.64,,Smartphone X
ORD_0006,2023-07-08,Sports,6.0,143.07,CUST_1504,Basketball
ORD_0426,2023-05-24,Electronics,8.0,30.41,CUST_2117,Smartphone X
ORD_0491,2023-08-11,Sports,7.0,348.15,CUST_3863,Dumbbell Set
ORD_0098,2023-09-01,Home & Kitchen,2.0,405.93,CUST_7539,Cutlery Set
ORD_0762,2023-02-03,Electronics,8.0,392.69,CUST_5922,Tablet Lite
ORD_0423,2023-12-21,Home & Kitchen,6.0,140.67,CUST_7751,Desk Lamp
ORD_0886,2023-01-14,Electronics,7.0,272.16,CUST_9635,Laptop Pro
ORD_0282,2023-03-16,Books,,279.07,CUST_9775,Data Science Handbook
ORD_0267,2023-05-20,Clothing,3.0,320.12,CUST_7953,Cotton T-Shirt
ORD_0443,2023-05-07,Clothing,4.0,119.4,CUST_4871,Formal Shirt
ORD_0746,2023-12-24,Electronics,3.0,468.15,CUST_9975,Smartphone X
ORD_0383,2023-06-22,Electronics,2.0,387.68,CUST_6918,Smartphone X
ORD_0693,2023-05-16,Sports,5.0,114.56,CUST_1607,Running Shoes
ORD_0894,2023-11-08,Books,9.0,299.21,CUST_2260,Python Crash Course
ORD_0535,2023-04-24,Electronics,9.0,203.65,CUST_1974,Smart Watch
ORD_0119,2023-10-20,Books,9.0,23.44,CUST_1203,History of Rome
ORD_0389,2023-04-02,Electronics,7.0,362.63,CUST_5820,Smart Watch
ORD_0251,2023-12-04,Sports,2.0,437.3,CUST_8382,Dumbbell Set
ORD_0944,2023-05-30,Sports,1.0,363.75,CUST_8766,Dumbbell Set
ORD_0454,2023-03-30,Electronics,9.0,152.66,CUST_7416,Smart Watch
ORD_0010,2023-08-03,Sports,10.0,209.42,CUST_5434,Yoga Mat
ORD_0197,2023-11-14,Home & Kitchen,8.0,368.1,CUST_8031,Blender
ORD_0619,2023-12-31,Books,3.0,56.58,CUST_8384,History of Rome
ORD_0082,2023-08-01,Sports,10.0,78.05,CUST_4516,Running Shoes
ORD_0399,2023-07-09,Electronics,7.0,71.6,CUST_3979,Laptop Pro
ORD_0502,2023-09-15,Home & Kitchen,9.0,314.25,CUST_8678,Blender
ORD_0635,2023-07-21,Home & Kitchen,-4.0,40.05,CUST_8504,Yoga Mat
ORD_0240,2023-09-16,Electronics,2.0,156.23,CUST_8129,Smart Watch
ORD_0310,2023-06-07,Electronics,5.0,213.9,CUST_8522,Laptop Pro
ORD_0212,2023-08-12,Clothing,-2.0,238.72,CUST_4505,Denim Jeans
ORD_0835,2023-07-14,Home & Kitchen,-4.0,432.05,CUST_9681,Yoga Mat
ORD_0381,2023-11-09,Clothing,5.0,64.38,CUST_1698,Formal Shirt
ORD_0602,2023-01-09,Electronics,6.0,452.84,CUST_5624,Smart Watch
ORD_0228,2023-07-10,Home & Kitchen,2.0,365.6,CUST_6213,Cutlery Set
ORD_0874,2023-10-19,Clothing,0.0,401.86,CUST_8362,Cotton T-Shirt
ORD_0360,2023-06-23,Sports,8.0,286.67,CUST_5405,Yoga Mat
ORD_0814,2023-03-10,Sports,6.0,388.43,CUST_3581,Basketball
ORD_0178,2023-04-26,Sports,10.0,,CUST_7039,Water Bottle
ORD_0995,2023-11-16,Electronics,4.0,309.55,CUST_5103,Smart Watch
ORD_0757,2023-02-20,Electronics,8.0,196.91,CUST_7447,Laptop Pro
ORD_0494,2023-06-04,Clothing,5.0,122.82,CUST_7513,Denim Jeans
ORD_0335,2023-06-01,Home & Kitchen,10.0,60.35,CUST_4103,Coffee Maker
ORD_0893,2023-07-06,Sports,3.0,108.54,CUST_2269,Dumbbell Set
ORD_0008,2023-04-13,Books,3.0,492.08,CUST_4816,Cooking 101
ORD_0156,2023-08-31,Home & Kitchen,5.0,73.72,CUST_3850,Desk Lamp
ORD_0843,2023-01-05,Sports,6.0,353.43,CUST_1129,Basketball
ORD_0751,2023-07-21,Clothing,4.0,184.37,CUST_9378,Winter Jacket
ORD_0942,2023-08-17,Sports,4.0,235.0,CUST_4789,Water Bottle
ORD_0483,2023-01-23,Sports,9.0,324.98,CUST_2517,Dumbbell Set
ORD_0847,2023-01-22,Books,9.0,34.51,CUST_6983,Data Science Handbook
ORD_0750,2023-06-14,Clothing,5.0,131.09,CUST_2012,Cotton T-Shirt
ORD_0904,2023-01-15,Clothing,3.0,64.82,CUST_5683,Formal Shirt
ORD_0592,2023-05-02,Sports,1.0,342.98,CUST_7837,Water Bottle
ORD_0953,2023-12-16,Electronics,9.0,275.27,CUST_8940,Smart Watch
ORD_0581,2023-01-25,Home & Kitchen,1.0,213.65,CUST_7100,Cutlery Set
ORD_0440,2023-04-27,Home & Kitchen,2.0,172.73,CUST_4072,Blender
ORD_0543,2023-08-15,Home & Kitchen,10.0,234.53,CUST_9721,Cutlery Set
ORD_0597,2023-08-23,Sports,,219.48,CUST_9869,Yoga Mat
ORD_0724,2023-06-03,Electronics,1.0,476.71,CUST_3017,Wireless Earbuds
ORD_0678,2023-01-01,Clothing,6.0,357.16,CUST_7316,Running Shorts
ORD_0479,2023-10-16,Sports,7.0,491.01,CUST_4359,Dumbbell Set
ORD_0229,2023-11-21,Electronics,7.0,448.28,CUST_5108,Laptop Pro
ORD_0975,2023-07-13,Electronics,,211.81,CUST_4861,Smart Watch
ORD_0815,2023-02-03,Books,6.0,316.35,CUST_1691,Sci-Fi Novel
ORD_0213,2023-08-13,Home & Kitchen,1.0,26.89,CUST_5529,Coffee Maker
ORD_0080,2023-07-09,Clothing,10.0,303.36,CUST_8081,Winter Jacket
ORD_0149,2023-06-20,Sports,6.0,112.34,CUST_8002,Dumbbell Set
ORD_0303,2023-05-15,Sports,7.0,20.79,CUST_3011,Dumbbell Set
ORD_0356,2023-02-23,Electronics,4.0,468.8,,Tablet Lite
ORD_0430,2023-06-07,Sports,2.0,140.95,CUST_7771,Yoga Mat
ORD_0520,2023-04-05,Sports,7.0,254.14,CUST_1128,Running Shoes
ORD_0363,2023-10-15,Electronics,4.0,341.17,CUST_2695,Tablet Lite
ORD_0595,2023-08-03,Clothing,2.0,362.39,CUST_6454,Winter Jacket
ORD_0358,2023-11-19,Electronics,4.0,66.85,CUST_1269,Smartphone X
ORD_0134,2023-07-26,Electronics,3.0,302.03,CUST_3103,Smart Watch
ORD_0830,2023-12-26,Books,3.0,373.98,CUST_6929,Data Science Handbook
ORD_0312,2023-08-18,Clothing,4.0,102.04,CUST_4183,Denim Jeans
ORD_0622,2023-05-25,Home & Kitchen,10.0,366.11,CUST_8982,Coffee Maker
ORD_0465,2023-05-24,Clothing,,495.2,,Winter Jacket
ORD_0994,2023-05-22,Sports,6.0,390.48,CUST_8493,Yoga Mat
ORD_0001,2023-04-13,Home & Kitchen,9.0,74.53,CUST_4893,Desk Lamp
ORD_0317,2023-01-27,Books,2.0,281.78,CUST_3782,Cooking 101
ORD_0723,2023-10-16,Sports,1.0,360.06,CUST_3971,Basketball
ORD_0560,2023-10-13,Home & Kitchen,6.0,130.45,CUST_5538,Blender
ORD_0372,2023-06-25,Books,9.0,141.79,CUST_2666,Data Science Handbook
ORD_0545,2023-04-09,Books,,480.48,CUST_3773,Python Crash Course
ORD_0850,2023-05-13,Clothing,2.0,184.43,CUST_8469,Cotton T-Shirt
ORD_0395,2023-02-20,Electronics,5.0,379.47,CUST_9112,Smartphone X
ORD_0173,2023-08-19,Sports,2.0,92.49,CUST_1572,Basketball
ORD_0126,2023-04-11,Electronics,3.0,383.33,CUST_5500,Smart Watch
ORD_0899,2023-12-29,Books,1.0,147.71,CUST_6672,Sci-Fi Novel
ORD_0579,2023-10-03,Clothing,3.0,199.3,,Winter Jacket
ORD_0949,2023-04-01,Home & Kitchen,9.0,432.86,CUST_9872,Coffee Maker
ORD_0921,2023-03-08,Clothing,10.0,415.78,CUST_8825,Denim Jeans
ORD_0091,2023-10-02,Sports,2.0,411.81,CUST_2629,Yoga Mat
ORD_0971,2023-05-14,Electronics,-1.0,213.22,CUST_7394,Smart Watch
ORD_0182,2023-07-17,Electronics,7.0,125.17,CUST_3587,Smart Watch
ORD_0364,2023-08-12,Home & Kitchen,6.0,78.17,CUST_4258,Cutlery Set
ORD_0275,2023-07-27,Electronics,5.0,61.16,CUST_9954,Smartphone X
ORD_0913,2023-05-06,Sports,8.0,13.9,CUST_2409,Yoga Mat
ORD_0070,2023-08-06,Home & Kitchen,8.0,302.2,CUST_3942,Desk Lamp
ORD_0292,2023-12-04,Clothing,2.0,128.69,CUST_5134,Winter Jacket
ORD_0132,2023-12-25,Electronics,7.0,199.08,CUST_1689,Tablet Lite
ORD_0301,2023-04-10,Sports,9.0,84.64,CUST_2879,Running Shoes
ORD_0448,2023-08-27,Electronics,2.0,278.71,CUST_6048,Wireless Earbuds
ORD_0327,2023-02-04,Clothing,7.0,363.12,CUST_6067,Winter Jacket
ORD_0145,2023-10-08,Electronics,3.0,488.95,CUST_1956,Wireless Earbuds
ORD_0552,2023-02-06,Sports,5.0,280.48,CUST_7646,Basketball
ORD_0596,2023-08-09,Sports,4.0,286.03,CUST_5117,Basketball
ORD_0656,2023-02-27,Sports,6.0,175.11,CUST_6313,Dumbbell Set
ORD_0136,2023-12-12,Sports,10.0,425.1,CUST_9092,Water Bottle
ORD_0431,2023-05-27,Clothing,3.0,117.7,CUST_1142,Cotton T-Shirt
ORD_0165,2023-01-28,Books,6.0,307.37,CUST_8609,Data Science Handbook
ORD_0029,2023-12-11,Books,5.0,423.52,CUST_4406,Sci-Fi Novel
ORD_0588,2023-06-30,Home & Kitchen,4.0,378.37,CUST_9469,Blender
ORD_0194,2023-08-21,Electronics,,169.65,CUST_3961,Laptop Pro
ORD_0791,2023-10-21,Sports,5.0,43.48,CUST_5290,Running Shoes
ORD_0653,2023-08-11,Sports,5.0,133.88,CUST_5827,Running Shoes
ORD_0170,2023-11-27,Sports,6.0,490.25,CUST_5478,Dumbbell Set
ORD_0514,2023-06-17,Home & Kitchen,3.0,46114.720937286,CUST_3398,Blender
ORD_0141,2023-08-19,Home & Kitchen,8.0,61.58,CUST_5988,Blender
ORD_0174,2023-09-07,Home & Kitchen,7.0,130.98,CUST_8082,Blender
ORD_0007,2023-01-21,Clothing,10.0,241.72,,Running Shorts
ORD_0657,2023-02-13,Home & Kitchen,7.0,499.78,CUST_1757,Yoga Mat
ORD_0965,2023-01-06,Electronics,2.0,129.43,CUST_9976,Smart Watch
ORD_0074,2023-09-27,Electronics,6.0,167.33,CUST_1990,Wireless Earbuds
ORD_0765,2023-03-13,Clothing,1.0,495.28,CUST_5686,Winter Jacket
ORD_0654,2023-04-27,Electronics,8.0,143.0,CUST_5524,Smartphone X
ORD_0239,2023-12-15,Clothing,6.0,,CUST_8175,Winter Jacket
ORD_0146,2023-08-19,Clothing,9.0,270.64,CUST_7623,Winter Jacket
ORD_0809,2023-05-18,Electronics,7.0,230.05,,Laptop Pro
ORD_0235,2023-07-20,Books,4.0,243.48,CUST_8605,Cooking 101
ORD_0221,2023-09-04,Electronics,9.0,250.79,CUST_2141,Smartphone X
ORD_0501,2023-04-09,Clothing,7.0,481.53,CUST_9728,Formal Shirt
ORD_0674,2023-08-21,Sports,,319.76,CUST_1422,Running Shoes
ORD_0133,2023-10-10,Home & Kitchen,8.0,397.94,CUST_4759,Cutlery Set
ORD_0812,2023-09-30,Sports,5.0,470.14,CUST_2909,Dumbbell Set
ORD_0434,2023-11-15,Clothing,4.0,291.92,CUST_7622,Cotton T-Shirt
ORD_0671,2023-05-27,Books,10.0,246.12,CUST_3845,Sci-Fi Novel
ORD_0186,2023-08-13,Sports,1.0,295.66,CUST_5996,Dumbbell Set
ORD_0042,2023-11-05,Sports,5.0,291.64,,Yoga Mat
ORD_0626,2023-05-12,Clothing,5.0,262.67,,Formal Shirt
ORD_0109,2023-02-10,Clothing,1.0,299.24,,Denim Jeans
ORD_0604,2023-09-10,Electronics,4.0,206.46,CUST_1165,Tablet Lite
ORD_0057,2023-04-02,Electronics,7.0,477.48,CUST_1249,Laptop Pro
ORD_0429,2023-04-16,Electronics,2.0,232.91,CUST_7992,Wireless Earbuds
ORD_0469,2023-08-08,Sports,,325.85,CUST_2874,Dumbbell Set
ORD_0577,2023-12-05,Electronics,2.0,314.8,CUST_4961,Wireless Earbuds
ORD_0878,2023-12-21,Clothing,8.0,431.31,CUST_3842,Cotton T-Shirt
ORD_0025,2023-11-10,Sports,4.0,273.13,CUST_3565,Running Shoes
ORD_0441,2023-11-14,Sports,10.0,177.48,CUST_3786,Running Shoes
ORD_0883,2023-07-05,Books,1.0,48433.17668320754,CUST_8845,Python Crash Course
ORD_0544,2023-06-26,Clothing,4.0,392.86,CUST_5059,Denim Jeans
ORD_0634,2023-04-01,Books,6.0,299.31,CUST_2003,Python Crash Course
ORD_0831,2023-07-03,Clothing,1.0,170.25,CUST_7792,Denim Jeans
ORD_0945,2023-04-10,Sports,9.0,198.55,CUST_3364,Water Bottle
ORD_0339,2023-10-07,Clothing,1.0,300.81,CUST_6201,Running Shorts
ORD_0052,2023-08-30,Home & Kitchen,10.0,338.76,CUST_8291,Cutlery Set
ORD_0384,2023-01-20,Books,8.0,11.41,,Sci-Fi Novel
ORD_0528,2023-09-21,Electronics,10.0,114.84,CUST_3044,Smartphone X
ORD_0939,2023-08-14,Clothing,8.0,213.11,CUST_6874,Cotton T-Shirt
ORD_0888,2023-03-19,Books,4.0,394.15,CUST_6856,Sci-Fi Novel
ORD_0265,2023-10-31,Home & Kitchen,6.0,31.64,CUST_4856,Blender
ORD_0550,2023-07-09,Sports,3.0,394.37,CUST_2008,Running Shoes
ORD_0914,2023-10-27,Sports,3.0,463.03,CUST_6197,Water Bottle
ORD_0698,2023-08-08,Sports,8.0,,CUST_4962,Basketball
ORD_0396,2023-06-02,Sports,8.0,27.61,CUST_9467,Running Shoes
ORD_0530,2023-03-31,Home & Kitchen,6.0,,CUST_6884,Coffee Maker
ORD_0869,2023-11-15,Electronics,1.0,493.95,CUST_6505,Wireless Earbuds
ORD_0019,2023-09-15,Home & Kitchen,5.0,241.76,CUST_7801,Yoga Mat
ORD_0732,2023-04-03,Books,5.0,255.74,CUST_2048,Python Crash Course
ORD_0679,2023-02-23,Books,2.0,94.32,CUST_3710,History of Rome
ORD_0582,2023-02-22,Books,3.0,425.16,CUST_2719,Python Crash Course
ORD_0977,2023-07-22,Sports,3.0,109.8,CUST_5932,Dumbbell Set
ORD_0368,2023-09-30,Books,1.0,146.44,CUST_9411,Python Crash Course
ORD_0084,2023-08-25,Clothing,10.0,,CUST_7410,Formal Shirt
ORD_0062,2023-02-19,Home & Kitchen,8.0,416.5,CUST_4792,Yoga Mat
ORD_0842,2023-10-04,Clothing,2.0,338.63,,Running Shorts
ORD_0273,2023-05-27,Clothing,2.0,443.37,CUST_3411,Running Shorts
ORD_0286,2023-09-11,Sports,3.0,12.98,CUST_7026,Running Shoes
ORD_0361,2023-10-07,Home & Kitchen,3.0,465.78,CUST_7139,Cutlery Set
ORD_0355,2023-11-08,Electronics,10.0,194.88,CUST_6509,Laptop Pro
ORD_0482,2023-12-23,Home & Kitchen,6.0,90.3,,Coffee Maker
ORD_0279,2023-04-30,Electronics,4.0,346.83,CUST_4155,Tablet Lite
ORD_0013,2023-10-04,Electronics,3.0,29.49,CUST_5008,Tablet Lite
ORD_0183,2023-05-17,Electronics,10.0,417.04,CUST_8876,Tablet Lite
ORD_0369,2023-04-14,Books,9.0,73.5,CUST_1052,Cooking 101
ORD_0600,2023-08-27,Sports,1.0,80.47,CUST_4758,Water Bottle
ORD_0631,2023-12-30,Clothing,10.0,201.99,CUST_8566,Cotton T-Shirt
ORD_0224,2023-07-03,Sports,4.0,226.2,CUST_3690,Dumbbell Set
ORD_0972,2023-04-28,Electronics,1.0,379.39,CUST_8891,Smartphone X
ORD_0715,2023-10-01,Clothing,1.0,356.03,CUST_3123,Running Shorts
ORD_0778,2023-11-09,Books,7.0,110.18,CUST_1089,Cooking 101
ORD_0558,2023-12-21,Sports,5.0,406.05,CUST_2716,Running Shoes
ORD_0466,2023-03-27,Sports,8.0,127.19,CUST_5322,Basketball
ORD_0598,2023-11-27,Books,9.0,169.91,,Sci-Fi Novel
ORD_0708,2023-02-15,Books,5.0,70.95,CUST_5051,Data Science Handbook
ORD_0177,2023-05-01,Clothing,6.0,13865.623366594857,CUST_3258,Formal Shirt
ORD_0681,2023-05-24,Sports,4.0,229.92,CUST_9069,Running Shoes
ORD_0854,2023-02-15,Electronics,5.0,183.88,CUST_3176,Wireless Earbuds
ORD_0955,2023-01-06,Electronics,4.0,212.96,CUST_1371,Smartphone X
ORD_0457,2023-08-07,Books,10.0,450.73,CUST_4924,Python Crash Course
ORD_0533,2023-07-15,Electronics,2.0,183.97,CUST_3925,Smartphone X
ORD_0394,2023-12-08,Clothing,7.0,400.16,CUST_3985,Running Shorts
ORD_0164,2023-11-10,Home & Kitchen,3.0,53.22,CUST_2258,Blender
ORD_0249,2023-05-08,Clothing,5.0,465.34,CUST_2262,Formal Shirt
ORD_0650,2023-12-14,Books,8.0,308.72,CUST_4907,Data Science Handbook
ORD_0903,2023-08-15,Books,2.0,462.77,CUST_8240,Python Crash Course
ORD_0685,2023-09-29,Books,10.0,403.72,CUST_4075,Python Crash Course
ORD_0376,2023-01-26,Home & Kitchen,1.0,61.36,CUST_9597,Blender
ORD_0413,2023-02-22,Home & Kitchen,,347.14,CUST_9102,Coffee Maker
ORD_0075,2023-12-17,Sports,5.0,377.43,CUST_2812,Water Bottle
ORD_0114,2023-09-25,Clothing,5.0,382.08,CUST_2230,Running Shorts
ORD_0584,2023-05-24,Home & Kitchen,8.0,439.9,CUST_2587,Desk Lamp
ORD_0573,2023-11-10,Electronics,4.0,25.98,CUST_1890,Tablet Lite
ORD_0391,2023-11-18,Electronics,3.0,436.18,CUST_5478,Tablet Lite
ORD_0105,2023-12-06,Sports,5.0,207.91,,Running Shoes
ORD_0115,2023-02-02,Electronics,3.0,58.45,CUST_8647,Smartphone X
ORD_0418,2023-07-15,Books,5.0,474.93,CUST_1886,Python Crash Course
ORD_0669,2023-06-13,Sports,4.0,141.73,CUST_8119,Water Bottle
ORD_0458,2023-11-07,Sports,9.0,357.97,CUST_9615,Water Bottle
ORD_0410,2023-02-23,Books,10.0,393.19,CUST_1314,Python Crash Course
ORD_0093,2023-01-15,Books,3.0,270.92,CUST_9841,Sci-Fi Novel
ORD_0820,2023-08-23,Books,7.0,468.77,CUST_9339,Sci-Fi Novel
ORD_0090,2023-07-07,Sports,4.0,495.72,CUST_1954,Basketball
ORD_0337,2023-08-21,Sports,7.0,26715.359864704387,CUST_5135,Water Bottle
ORD_0860,2023-09-10,Electronics,4.0,173.19,CUST_3654,Tablet Lite
ORD_0940,2023-11-11,Books,6.0,16.49,CUST_6581,Data Science Handbook
ORD_0952,2023-11-14,Clothing,9.0,155.43,CUST_1609,Formal Shirt
ORD_0884,2023-02-25,Home & Kitchen,8.0,418.49,CUST_4867,Yoga Mat
ORD_0621,2023-08-12,Books,3.0,33.34,CUST_7169,Sci-Fi Novel
ORD_0790,2023-08-14,Books,5.0,463.51,CUST_7940,Data Science Handbook
ORD_0627,2023-10-19,Electronics,5.0,237.01,CUST_7289,Laptop Pro
ORD_0095,2023-06-03,Sports,7.0,51.35,,Basketball
ORD_0012,2023-03-29,Books,9.0,20966.561506892005,CUST_6057,Cooking 101
ORD_0397,2023-07-05,Clothing,8.0,203.42,CUST_3547,Cotton T-Shirt
ORD_0546,2023-02-05,Home & Kitchen,4.0,384.15,CUST_9383,Yoga Mat
ORD_0044,2023-05-15,Home & Kitchen,3.0,340.96,CUST_8739,Desk Lamp
ORD_0043,2023-11-03,Home & Kitchen,4.0,24.54,CUST_6626,Cutlery Set
ORD_0168,2023-12-06,Electronics,7.0,485.66,CUST_1067,Smart Watch
ORD_0417,2023-04-13,Books,10.0,357.6,CUST_4343,Cooking 101
ORD_0877,2023-04-23,Sports,8.0,458.48,CUST_3537,Running Shoes
ORD_0427,2023-09-26,Books,9.0,204.85,,Data Science Handbook
ORD_0900,2023-08-27,Books,7.0,359.35,CUST_6593,Data Science Handbook
ORD_0981,2023-05-13,Clothing,1.0,20.85,CUST_8754,Formal Shirt
ORD_0976,2023-12-01,Sports,4.0,379.26,CUST_2985,Basketball
ORD_0688,2023-08-01,Home & Kitchen,9.0,426.73,CUST_9479,Coffee Maker
ORD_0258,2023-09-20,Books,9.0,269.0,CUST_4294,Python Crash Course
ORD_0336,2023-04-09,Clothing,8.0,102.63,CUST_3440,Winter Jacket
ORD_0016,2023-11-05,Electronics,8.0,127.04,CUST_4764,Smartphone X
ORD_0645,2023-02-27,Clothing,6.0,161.94,CUST_3402,Denim Jeans
ORD_0325,2023-05-27,Books,6.0,68.78,CUST_1687,Python Crash Course
ORD_0775,2023-08-24,Clothing,6.0,282.19,CUST_2827,Cotton T-Shirt
ORD_0223,2023-07-22,Home & Kitchen,3.0,285.73,CUST_8389,Yoga Mat
ORD_0180,2023-09-16,Electronics,5.0,258.65,CUST_6741,Smartphone X
ORD_0661,2023-11-13,Home & Kitchen,10.0,275.81,CUST_1961,Yoga Mat
ORD_0522,2023-10-09,Electronics,9.0,476.98,CUST_5765,Smart Watch
ORD_0023,2023-04-10,Books,2.0,242.4,CUST_4719,History of Rome
ORD_0357,2023-02-27,Electronics,2.0,340.82,CUST_2881,Smartphone X
ORD_0962,2023-08-17,Home & Kitchen,7.0,113.83,CUST_1864,Yoga Mat
ORD_0906,2023-04-29,Electronics,6.0,395.4,CUST_9713,Laptop Pro
ORD_0341,2023-10-29,Books,10.0,295.8,CUST_1446,Python Crash Course
ORD_0432,2023-05-25,Electronics,1.0,74.44,CUST_3761,Wireless Earbuds
ORD_0774,2023-02-23,Clothing,3.0,489.69,,Running Shorts
ORD_0851,2023-08-21,Sports,6.0,17.75,CUST_1244,Yoga Mat
ORD_0204,2023-03-22,Electronics,2.0,303.57,CUST_1917,Wireless Earbuds
ORD_0918,2023-07-31,Electronics,9.0,373.84,CUST_1279,Smart Watch
ORD_0094,2023-10-28,Books,4.0,229.94,CUST_4278,Sci-Fi Novel
ORD_0571,2023-03-17,Home & Kitchen,10.0,321.37,CUST_5006,Cutlery Set
ORD_0069,2023-07-10,Books,1.0,55.22,CUST_4163,History of Rome
ORD_0755,2023-03-19,Clothing,6.0,45.33,CUST_9622,Denim Jeans
ORD_0285,2023-12-06,Sports,3.0,351.9,CUST_2942,Water Bottle
ORD_0928,2023-03-02,Electronics,3.0,123.57,CUST_5131,Laptop Pro
ORD_0435,2023-02-10,Books,9.0,47.43,CUST_8069,Data Science Handbook
ORD_0154,2023-11-23,Electronics,2.0,82.06,CUST_5594,Wireless Earbuds
ORD_0076,2023-10-31,Sports,6.0,212.21,CUST_9995,Basketball
ORD_0747,2023-09-16,Sports,3.0,220.96,CUST_9432,Running Shoes
ORD_0447,2023-01-01,Sports,5.0,334.87,CUST_8117,Basketball
ORD_0189,2023-06-21,Sports,3.0,410.21,CUST_6232,Dumbbell Set
ORD_0272,2023-04-09,Electronics,5.0,406.5,CUST_2094,Smartphone X
ORD_0237,2023-07-06,Sports,,39.14,CUST_7055,Water Bottle
ORD_0488,2023-04-10,Home & Kitchen,4.0,274.02,CUST_5891,Blender
ORD_0118,2023-08-04,Home & Kitchen,9.0,191.33,CUST_7483,Yoga Mat
ORD_0836,2023-06-04,Home & Kitchen,,410.45,CUST_6308,Desk Lamp
ORD_0513,2023-06-03,Clothing,8.0,77.13,CUST_7305,Formal Shirt
ORD_0077,2023-09-28,Home & Kitchen,9.0,326.59,CUST_1489,Yoga Mat
ORD_0686,2023-12-24,Clothing,10.0,69.79,CUST_4164,Running Shorts
ORD_0127,2023-11-05,Books,10.0,473.86,CUST_9799,Python Crash Course
ORD_0117,2023-03-03,Books,10.0,16.03,CUST_4940,History of Rome
ORD_0474,2023-07-23,Books,2.0,313.67,CUST_8411,Sci-Fi Novel
ORD_0709,2023-02-04,Books,4.0,400.8,,History of Rome
ORD_0058,2023-09-21,Electronics,8.0,363.48,CUST_7457,Smart Watch
ORD_0690,2023-12-14,Electronics,10.0,25.12,CUST_4217,Smart Watch
ORD_0930,2023-09-21,Sports,3.0,452.74,CUST_5535,Running Shoes
ORD_0370,2023-10-26,Home & Kitchen,1.0,341.29,CUST_6570,Yoga Mat
ORD_0269,2023-06-09,Electronics,9.0,12.78,CUST_5589,Laptop Pro
ORD_0047,2023-06-16,Electronics,4.0,465.42,CUST_7239,Smart Watch
ORD_0350,2023-09-13,Clothing,1.0,434.61,CUST_1186,Winter Jacket
ORD_0196,2023-04-23,Sports,8.0,236.11,CUST_7837,Dumbbell Set
ORD_0320,2023-10-13,Books,3.0,,CUST_7324,Sci-Fi Novel
ORD_0852,2023-01-12,Sports,3.0,47.8,CUST_1926,Water Bottle
ORD_0707,2023-08-28,Books,2.0,393.26,CUST_2216,Data Science Handbook
ORD_0753,2023-05-25,Clothing,4.0,173.4,CUST_7799,Cotton T-Shirt
ORD_0264,2023-02-01,Books,1.0,,CUST_6750,Python Crash Course
ORD_0444,2023-09-05,Home & Kitchen,8.0,324.51,,Yoga Mat
ORD_0959,2023-08-31,Books,6.0,320.97,CUST_7010,Python Crash Course
ORD_0305,2023-05-08,Electronics,4.0,422.69,CUST_8357,Smartphone X
ORD_0342,2023-06-30,Home & Kitchen,2.0,238.81,CUST_4915,Yoga Mat
ORD_0614,2023-01-05,Books,3.0,321.66,CUST_1268,Cooking 101
ORD_0987,2023-08-13,Sports,3.0,490.41,CUST_2581,Dumbbell Set
ORD_0150,2023-01-29,Clothing,9.0,463.56,CUST_7396,Cotton T-Shirt
ORD_0125,2023-08-15,Clothing,2.0,31.94,CUST_2093,Denim Jeans
ORD_0803,2023-09-04,Books,3.0,295.94,,Sci-Fi Novel
ORD_0870,2023-02-17,Books,5.0,152.83,CUST_7553,Sci-Fi Novel
ORD_0051,2023-01-14,Clothing,4.0,442.31,CUST_1670,Running Shorts
ORD_0354,2023-08-10,Sports,5.0,216.97,CUST_2252,Dumbbell Set
ORD_0946,2023-07-17,Clothing,1.0,249.79,CUST_4629,Formal Shirt
ORD_0143,2023-02-21,Electronics,1.0,486.29,,Smart Watch
ORD_0471,2023-02-16,Electronics,7.0,390.69,CUST_9464,Laptop Pro
ORD_0400,2023-05-05,Clothing,1.0,371.18,CUST_4968,Cotton T-Shirt
ORD_0717,2023-10-13,Sports,8.0,274.96,CUST_1224,Water Bottle
ORD_0321,2023-04-07,Home & Kitchen,7.0,124.98,,Blender
ORD_0020,2023-12-10,Electronics,10.0,315.03,CUST_9575,Tablet Lite
ORD_0827,2023-12-02,Clothing,7.0,115.19,CUST_4748,Cotton T-Shirt
ORD_0807,2023-05-13,Sports,1.0,95.3,CUST_8108,Water Bottle
ORD_0826,2023-07-02,Books,10.0,372.31,CUST_7781,Python Crash Course
ORD_0408,2023-11-22,Sports,5.0,336.76,CUST_8446,Dumbbell Set
ORD_0538,2023-10-04,Clothing,7.0,202.47,CUST_8279,Cotton T-Shirt
ORD_0636,2023-12-12,Home & Kitchen,4.0,187.47,CUST_3466,Coffee Maker
ORD_0039,2023-02-24,Home & Kitchen,3.0,410.92,CUST_1634,Cutlery Set
ORD_0176,2023-10-10,Books,8.0,184.53,,Data Science Handbook
ORD_0246,2023-12-18,Sports,7.0,118.17,CUST_3566,Water Bottle
ORD_0846,2023-11-13,Clothing,2.0,411.0,CUST_9151,Winter Jacket
ORD_0683,2023-11-26,Electronics,7.0,98.3,CUST_3541,Wireless Earbuds
ORD_0771,2023-09-16,Home & Kitchen,-4.0,488.78,CUST_2789,Cutlery Set
ORD_0969,2023-01-04,Clothing,4.0,37870.19259741617,CUST_5054,Winter Jacket
ORD_0155,2023-07-06,Clothing,0.0,249.05,CUST_7644,Denim Jeans
ORD_0288,2023-04-22,Sports,3.0,435.78,CUST_1191,Water Bottle
ORD_0618,2023-05-16,Books,1.0,235.4,CUST_1406,Sci-Fi Novel
ORD_0570,2023-08-21,Electronics,5.0,245.96,CUST_5939,Smart Watch
ORD_0760,2023-09-17,Home & Kitchen,4.0,,CUST_6877,Desk Lamp
ORD_0018,2023-05-11,Home & Kitchen,6.0,230.73,CUST_3104,Desk Lamp
ORD_0128,2023-09-14,Clothing,6.0,176.49,CUST_6710,Denim Jeans
ORD_0323,2023-11-13,Home & Kitchen,7.0,152.09,CUST_1776,Desk Lamp
ORD_0256,2023-10-25,Home & Kitchen,2.0,173.37,CUST_2257,Yoga Mat
ORD_0689,2023-05-02,Books,5.0,178.86,CUST_6737,History of Rome
ORD_0985,2023-02-10,Clothing,6.0,467.23,CUST_3575,Denim Jeans
ORD_0191,2023-11-11,Home & Kitchen,3.0,393.37,CUST_4539,Blender
ORD_0116,2023-02-17,Electronics,7.0,445.93,CUST_5933,Smartphone X
ORD_0632,2023-01-07,Sports,5.0,277.88,CUST_5670,Yoga Mat
ORD_0607,2023-06-23,Sports,9.0,445.55,CUST_5524,Water Bottle
ORD_0181,2023-12-25,Books,9.0,341.92,CUST_7838,Sci-Fi Novel
ORD_0302,2023-10-31,Clothing,3.0,140.42,CUST_8542,Formal Shirt
ORD_0941,2023-12-31,Clothing,5.0,155.01,CUST_3014,Winter Jacket
ORD_0729,2023-09-24,Home & Kitchen,1.0,316.26,CUST_1717,Desk Lamp
ORD_0740,2023-04-09,Electronics,7.0,89.78,CUST_4792,Smart Watch
ORD_0974,2023-03-03,Sports,9.0,342.7,CUST_8774,Running Shoes
ORD_0788,2023-07-11,Clothing,9.0,301.73,CUST_4195,Winter Jacket
ORD_0518,2023-12-10,Home & Kitchen,10.0,63.36,CUST_3230,Blender
ORD_0412,2023-09-21,Clothing,4.0,58.93,CUST_5876,Denim Jeans
ORD_0046,2023-11-25,Books,10.0,230.79,CUST_3890,Data Science Handbook
ORD_0927,2023-04-21,Clothing,-1.0,143.03,CUST_6573,Winter Jacket
ORD_0158,2023-10-11,Clothing,6.0,,CUST_1919,Running Shorts
ORD_0761,2023-10-15,Home & Kitchen,9.0,66.93,CUST_7785,Yoga Mat
ORD_0172,2023-12-14,Electronics,3.0,270.81,CUST_4521,Tablet Lite
ORD_0017,2023-05-30,Electronics,2.0,240.12,CUST_5637,Smart Watch
ORD_0512,2023-11-19,Home & Kitchen,4.0,340.43,CUST_2186,Coffee Maker
ORD_0049,2023-03-30,Clothing,2.0,201.04,CUST_4306,Winter Jacket
ORD_0992,2023-01-01,Electronics,5.0,388.76,CUST_9320,Smart Watch
ORD_0858,2023-10-28,Books,5.0,301.45,CUST_4398,History of Rome
ORD_0516,2023-12-02,Clothing,2.0,202.01,CUST_8299,Denim Jeans
ORD_0912,2023-03-27,Home & Kitchen,5.0,404.86,CUST_5673,Yoga Mat
ORD_0481,2023-08-10,Books,6.0,454.15,CUST_2251,Cooking 101
ORD_0284,2023-04-14,Clothing,7.0,292.75,CUST_5331,Winter Jacket
ORD_0735,2023-11-11,Books,9.0,468.3,CUST_6578,Python Crash Course
ORD_0670,2023-08-15,Home & Kitchen,2.0,317.93,CUST_5066,Blender
ORD_0226,2023-12-09,Sports,10.0,460.18,CUST_4255,Running Shoes
ORD_0027,2023-09-10,Electronics,6.0,34.25,CUST_7328,Laptop Pro
ORD_0799,2023-09-06,Sports,6.0,192.9,CUST_8478,Dumbbell Set
ORD_0438,2023-12-12,Clothing,10.0,99.05,CUST_3696,Denim Jeans
ORD_0970,2023-12-01,Electronics,5.0,493.26,CUST_1935,Laptop Pro
ORD_0365,2023-05-31,Home & Kitchen,10.0,134.57,CUST_4262,Blender
ORD_0230,2023-08-04,Books,6.0,233.43,CUST_4020,Cooking 101
ORD_0038,2023-12-30,Books,6.0,149.44,CUST_7079,Data Science Handbook
ORD_0986,2023-07-31,Clothing,9.0,225.16,CUST_7754,Cotton T-Shirt
ORD_0375,2023-09-04,Books,2.0,499.74,CUST_1719,Data Science Handbook
ORD_0470,2023-10-03,Electronics,7.0,285.03,CUST_5763,Smart Watch
ORD_0988,2023-01-20,Electronics,10.0,,CUST_2986,Smartphone X
ORD_0868,2023-04-17,Sports,6.0,134.15,CUST_7854,Dumbbell Set
ORD_0909,2023-02-08,Clothing,8.0,363.08,CUST_5883,Winter Jacket
ORD_0742,2023-01-06,Electronics,8.0,19.7,CUST_6695,Wireless Earbuds
ORD_0195,2023-06-29,Sports,4.0,398.34,CUST_4226,Water Bottle
ORD_0935,2023-01-06,Books,7.0,399.3,CUST_9671,History of Rome
ORD_0882,2023-10-30,Sports,4.0,438.12,CUST_3077,Basketball
ORD_0504,2023-12-06,Sports,8.0,382.82,CUST_2273,Dumbbell Set
ORD_0990,2023-05-20,Sports,6.0,384.75,CUST_4966,Running Shoes
ORD_0848,2023-11-22,Clothing,5.0,456.65,CUST_1143,Winter Jacket
ORD_0580,2023-04-09,Books,3.0,291.18,CUST_4806,Sci-Fi Novel
ORD_0989,2023-04-23,Home & Kitchen,4.0,66.0,CUST_3240,Desk Lamp
ORD_0163,2023-05-14,Home & Kitchen,10.0,277.24,CUST_4839,Coffee Maker
ORD_0718,2023-08-30,Electronics,2.0,220.5,CUST_2814,Laptop Pro
ORD_0153,2023-06-09,Books,1.0,163.47,CUST_3964,History of Rome
ORD_0697,2023-01-28,Home & Kitchen,5.0,384.71,CUST_7519,Yoga Mat
ORD_0716,2023-11-08,Home & Kitchen,1.0,271.8,CUST_9790,Coffee Maker
ORD_0929,2023-04-21,Clothing,10.0,,CUST_8189,Cotton T-Shirt
ORD_0112,2023-07-20,Clothing,1.0,230.56,CUST_8957,Denim Jeans
ORD_0227,2023-10-21,Home & Kitchen,4.0,187.51,CUST_9281,Yoga Mat
ORD_0704,2023-07-20,Books,-5.0,199.75,CUST_1808,Data Science Handbook
ORD_0104,2023-03-22,Home & Kitchen,2.0,427.4,CUST_5334,Coffee Maker
ORD_0422,2023-02-16,Sports,10.0,453.97,CUST_1870,Basketball
ORD_0420,2023-12-31,Clothing,6.0,370.74,CUST_8678,Cotton T-Shirt
ORD_0849,2023-01-01,Books,8.0,24.46,CUST_9207,History of Rome
ORD_0587,2023-04-19,Electronics,5.0,421.51,CUST_6558,Wireless Earbuds
ORD_0797,2023-12-13,Clothing,10.0,324.4,CUST_5159,Running Shorts
ORD_0673,2023-02-16,Electronics,-4.0,475.11,CUST_6316,Smartphone X
ORD_0120,2023-04-09,Books,9.0,202.56,CUST_1160,Data Science Handbook
ORD_0054,2023-12-12,Electronics,7.0,340.56,CUST_7460,Smart Watch
ORD_0152,2023-01-13,Home & Kitchen,4.0,203.76,CUST_3850,Coffee Maker
ORD_0404,2023-08-12,Electronics,8.0,239.4,CUST_6447,Tablet Lite
ORD_0964,2023-08-11,Sports,3.0,91.8,CUST_8454,Yoga Mat
ORD_0208,2023-05-10,Electronics,5.0,375.47,CUST_2678,Laptop Pro
ORD_0659,2023-06-09,Clothing,7.0,118.04,,Winter Jacket
ORD_0884,2023-02-25,Home & Kitchen,8.0,418.49,CUST_4867,Yoga Mat
ORD_0779,2023-04-22,Clothing,9.0,264.66,CUST_5815,Cotton T-Shirt
ORD_0009,2023-05-02,Clothing,8.0,141.79,CUST_1717,Winter Jacket
ORD_0825,2023-05-31,Electronics,6.0,312.45,CUST_2873,Laptop Pro
ORD_0037,2023-02-20,Sports,5.0,410.17,CUST_1531,Running Shoes
ORD_0453,2023-02-17,Books,7.0,307.01,CUST_8850,Data Science Handbook
ORD_0652,2023-07-10,Home & Kitchen,4.0,410.83,CUST_9378,Yoga Mat
ORD_0254,2023-09-24,Clothing,2.0,325.79,CUST_6630,Cotton T-Shirt
ORD_0304,2023-07-14,Home & Kitchen,1.0,,CUST_4373,Yoga Mat
ORD_0763,2023-12-14,Electronics,10.0,394.78,CUST_9090,Tablet Lite
ORD_0572,2023-09-22,Home & Kitchen,7.0,54.45,CUST_2625,Coffee Maker
ORD_0624,2023-08-05,Books,10.0,182.78,CUST_5485,History of Rome
ORD_0859,2023-03-14,Clothing,,192.38,CUST_9497,Denim Jeans
ORD_0759,2023-07-24,Sports,6.0,394.58,CUST_1075,Basketball
ORD_0263,2023-03-01,Sports,4.0,54.01,CUST_7419,Water Bottle
ORD_0611,2023-10-10,Electronics,4.0,154.89,CUST_1071,Wireless Earbuds
ORD_0298,2023-10-06,Electronics,9.0,433.07,CUST_6457,Smartphone X
ORD_0415,2023-04-18,Electronics,3.0,456.42,CUST_6592,Tablet Lite
ORD_0151,2023-02-05,Electronics,7.0,212.93,CUST_3828,Laptop Pro
ORD_0862,2023-02-16,Electronics,9.0,197.81,CUST_2371,Smart Watch
ORD_0641,2023-05-21,Home & Kitchen,1.0,224.37,CUST_2895,Yoga Mat
ORD_0907,2023-01-28,Sports,7.0,471.84,CUST_4809,Yoga Mat
ORD_0551,2023-08-12,Books,10.0,194.72,CUST_4783,History of Rome
ORD_0808,2023-12-10,Sports,1.0,67.36,CUST_4939,Yoga Mat
ORD_0489,2023-10-17,Books,2.0,39.71,CUST_5992,Sci-Fi Novel
ORD_0711,2023-03-23,Electronics,9.0,423.21,CUST_9970,Laptop Pro
ORD_0148,2023-05-23,Electronics,1.0,58.66,CUST_5460,Smart Watch
ORD_0147,2023-08-25,Books,8.0,76.54,CUST_2474,Cooking 101
ORD_0737,2023-06-26,Clothing,10.0,491.13,CUST_7548,Winter Jacket
ORD_0950,2023-12-16,Clothing,5.0,270.63,CUST_7638,Denim Jeans
ORD_0756,2023-01-01,Books,8.0,110.65,CUST_9430,Cooking 101
ORD_0660,2023-06-22,Books,8.0,383.62,,Python Crash Course
ORD_0349,2023-06-10,Home & Kitchen,3.0,286.84,CUST_6558,Desk Lamp
ORD_0464,2023-06-03,Books,3.0,295.28,CUST_5917,Python Crash Course
ORD_0326,2023-04-01,Home & Kitchen,5.0,459.23,CUST_1529,Cutlery Set
ORD_0187,2023-11-03,Electronics,8.0,499.86,CUST_6780,Laptop Pro
ORD_0124,2023-02-04,Sports,5.0,326.41,CUST_3581,Yoga Mat
ORD_0871,2023-03-02,Books,3.0,387.66,CUST_5042,Python Crash Course
ORD_0609,2023-06-17,Home & Kitchen,5.0,110.19,CUST_7509,Blender
ORD_0144,2023-04-06,Sports,,121.96,CUST_9490,Dumbbell Set
ORD_0979,2023-06-22,Home & Kitchen,2.0,277.88,CUST_3778,Desk Lamp
ORD_0198,2023-02-21,Clothing,1.0,82.51,CUST_4716,Cotton T-Shirt
ORD_0610,2023-06-19,Clothing,9.0,135.1,CUST_8693,Denim Jeans
ORD_0280,2023-10-06,Electronics,4.0,22.0,CUST_4970,Wireless Earbuds
ORD_0294,2023-11-06,Electronics,8.0,81.15,CUST_9828,Smart Watch
ORD_0401,2023-05-30,Sports,3.0,,CUST_1910,Yoga Mat
ORD_0123,2023-08-02,Sports,7.0,91.16,CUST_7718,Water Bottle
ORD_0184,2023-11-14,Books,,276.97,CUST_4262,Python Crash Course
ORD_0203,2023-04-23,Books,6.0,300.58,CUST_3505,History of Rome
ORD_0439,2023-08-17,Clothing,7.0,223.4,CUST_2717,Running Shorts
ORD_0247,2023-07-18,Books,4.0,369.67,CUST_1975,History of Rome
ORD_0416,2023-01-05,Home & Kitchen,3.0,420.75,CUST_2724,Yoga Mat
ORD_0793,2023-04-08,Sports,7.0,350.94,CUST_6555,Basketball
ORD_0782,2023-07-26,Books,5.0,263.23,CUST_7543,History of Rome
ORD_0924,2023-05-26,Clothing,6.0,395.32,CUST_6247,Cotton T-Shirt
ORD_0785,2023-07-03,Electronics,10.0,279.31,CUST_2094,Laptop Pro
ORD_0905,2023-07-11,Clothing,1.0,263.05,CUST_2881,Running Shorts
ORD_0130,2023-06-08,Home & Kitchen,9.0,195.67,CUST_4191,Yoga Mat
ORD_0638,2023-02-08,Sports,7.0,108.27,CUST_2635,Water Bottle
ORD_0403,2023-02-27,Sports,3.0,344.28,CUST_4129,Dumbbell Set
ORD_0801,2023-12-01,Home & Kitchen,7.0,230.84,,Cutlery Set
ORD_0787,2023-04-13,Home & Kitchen,8.0,80.53,CUST_8347,Desk Lamp
ORD_0736,2023-10-10,Electronics,2.0,426.83,CUST_2620,Smart Watch
ORD_0931,2023-08-24,Electronics,,48.04,CUST_3776,Wireless Earbuds
ORD_0220,2023-07-17,Electronics,9.0,158.2,CUST_2319,Smartphone X
ORD_0642,2023-08-30,Electronics,8.0,442.54,CUST_7524,Wireless Earbuds
ORD_0933,2023-02-11,Clothing,7.0,180.96,CUST_9386,Running Shorts
ORD_0853,2023-12-12,Sports,10.0,456.47,CUST_4178,Basketball
ORD_0824,2023-06-09,Home & Kitchen,4.0,365.61,CUST_4121,Yoga Mat
ORD_0938,2023-11-16,Clothing,4.0,236.3,CUST_6060,Winter Jacket
ORD_0625,2023-10-28,Electronics,3.0,414.15,CUST_9901,Smartphone X
ORD_0856,2023-03-19,Sports,10.0,115.52,CUST_1886,Running Shoes
ORD_0951,2023-11-27,Clothing,3.0,,CUST_5651,Denim Jeans
ORD_0387,2023-05-22,Electronics,1.0,280.51,CUST_1307,Tablet Lite
ORD_0993,2023-03-31,Electronics,3.0,476.21,CUST_6968,Wireless Earbuds
ORD_0510,2023-11-04,Electronics,3.0,245.85,CUST_4354,Tablet Lite
ORD_0268,2023-06-02,Books,3.0,43.82,,Python Crash Course
ORD_0837,2023-04-03,Clothing,5.0,261.24,CUST_3462,Denim Jeans
ORD_0442,2023-10-06,Sports,5.0,372.12,CUST_4791,Basketball
ORD_0497,2023-01-04,Electronics,3.0,157.94,CUST_8755,Smart Watch
ORD_0113,2023-11-24,Sports,6.0,293.84,CUST_4046,Yoga Mat
ORD_0692,2023-03-31,Sports,2.0,79.66,CUST_7009,Running Shoes
ORD_0233,2023-05-24,Home & Kitchen,6.0,299.79,CUST_3789,Cutlery Set
ORD_0887,2023-01-28,Electronics,3.0,80.75,CUST_1297,Wireless Earbuds
ORD_0608,2023-05-21,Home & Kitchen,10.0,276.81,CUST_3821,Blender
ORD_0672,2023-01-20,Home & Kitchen,9.0,187.24,CUST_9849,Cutlery Set
ORD_0374,2023-06-19,Sports,1.0,320.83,CUST_3785,Yoga Mat
ORD_0738,2023-08-04,Clothing,2.0,317.72,CUST_8381,Formal Shirt
ORD_0860,2023-10-09,Electronics,4.0,173.19,CUST_3654,Tablet Lite
ORD_0234,2023-04-07,Books,5.0,405.23,CUST_4875,Cooking 101
ORD_0802,2023-01-30,Home & Kitchen,3.0,339.31,CUST_5926,Blender
ORD_0677,2023-05-23,Electronics,7.0,392.56,CUST_8549,Smartphone X
ORD_0318,2023-08-14,Clothing,5.0,322.17,CUST_8657,Winter Jacket
ORD_0649,2023-01-01,Sports,4.0,381.94,CUST_8023,Running Shoes
ORD_0411,2023-11-04,Home & Kitchen,4.0,276.46,CUST_2134,Cutlery Set
ORD_0916,2023-05-25,Sports,4.0,281.16,CUST_9718,Yoga Mat
ORD_0710,2023-09-10,Electronics,10.0,311.8,CUST_3806,Wireless Earbuds
ORD_0359,2023-12-26,Electronics,2.0,30.72,CUST_2630,Smartphone X
ORD_0259,2023-09-09,Sports,2.0,398.76,CUST_7774,Running Shoes
ORD_0745,2023-05-13,Sports,10.0,211.71,CUST_6450,Running Shoes
ORD_0628,2023-11-03,Clothing,4.0,32.25,CUST_7928,Denim Jeans
ORD_0633,2023-06-16,Books,4.0,270.69,CUST_8658,Data Science Handbook
ORD_0283,2023-04-23,Clothing,2.0,319.72,CUST_6415,Formal Shirt
ORD_0377,2023-12-21,Home & Kitchen,10.0,254.3,CUST_7855,Desk Lamp
ORD_0385,2023-11-17,Home & Kitchen,6.0,430.89,CUST_6374,Blender
ORD_0225,2023-05-03,Electronics,7.0,306.82,CUST_8323,Tablet Lite
ORD_0974,2023-03-03,Sports,9.0,342.7,CUST_8774,Running Shoes
ORD_0966,2023-11-18,Clothing,5.0,141.12,CUST_5571,Running Shorts
ORD_0473,2023-08-26,Books,9.0,365.56,CUST_8538,Sci-Fi Novel
ORD_0348,2023-09-10,Sports,1.0,42089.96716940457,CUST_8185,Water Bottle
ORD_0506,2023-06-27,Electronics,10.0,98.35,CUST_2096,Laptop Pro
ORD_0640,2023-06-22,Sports,,,CUST_7265,Dumbbell Set
ORD_0514,2023-06-17,Home & Kitchen,3.0,497.54,CUST_3398,Blender
ORD_0798,2023-04-11,Home & Kitchen,4.0,354.86,CUST_7308,Coffee Maker
ORD_0947,2023-11-03,Electronics,8.0,220.51,CUST_6919,Smartphone X
ORD_0923,2023-04-19,Sports,7.0,406.57,CUST_5769,Water Bottle
ORD_0620,2023-11-17,Clothing,5.0,,CUST_7049,Cotton T-Shirt
ORD_0873,2023-01-26,Home & Kitchen,4.0,111.05,CUST_7636,Coffee Maker
ORD_0821,2023-12-02,Books,5.0,275.58,CUST_2032,Data Science Handbook
ORD_0646,2023-05-28,Clothing,,368.55,CUST_5895,Cotton T-Shirt
ORD_0864,2023-02-08,Books,2.0,148.82,CUST_1320,Python Crash Course
ORD_0557,2023-05-08,Clothing,7.0,262.19,CUST_7009,Winter Jacket
ORD_0978,2023-01-26,Electronics,,170.5,CUST_5603,Laptop Pro
ORD_0578,2023-05-24,Sports,2.0,496.3,CUST_3504,Yoga Mat
ORD_0796,2023-12-01,Clothing,2.0,281.16,CUST_4092,Cotton T-Shirt
ORD_0086,2023-02-22,Sports,8.0,322.56,CUST_3575,Basketball
ORD_0243,2023-12-12,Sports,10.0,135.46,CUST_3387,Yoga Mat
ORD_0699,2023-12-23,Books,1.0,223.31,CUST_4177,Sci-Fi Novel
ORD_0160,2023-06-19,Clothing,2.0,242.26,CUST_4504,Denim Jeans
ORD_0525,2023-08-03,Sports,4.0,234.89,CUST_6552,Yoga Mat
ORD_0036,2023-06-24,Electronics,4.0,146.13,CUST_3382,Wireless Earbuds
ORD_0541,2023-12-23,Sports,3.0,161.9,CUST_2987,Water Bottle
ORD_0171,2023-05-08,Electronics,1.0,244.16,CUST_9210,Laptop Pro
ORD_0655,2023-05-14,Sports,10.0,71.42,CUST_3284,Basketball
ORD_0908,2023-07-21,Books,2.0,375.92,CUST_6807,History of Rome
ORD_0875,2023-09-14,Home & Kitchen,2.0,173.47,CUST_1011,Yoga Mat
ORD_0865,2023-08-27,Clothing,10.0,395.52,CUST_5654,Winter Jacket
ORD_0963,2023-02-05,Sports,1.0,162.39,CUST_2268,Water Bottle
ORD_0734,2023-08-12,Books,6.0,,CUST_8905,Cooking 101
ORD_0096,2023-12-11,Clothing,10.0,205.69,CUST_4801,Winter Jacket
ORD_0564,2023-05-08,Home & Kitchen,1.0,451.68,CUST_8616,Yoga Mat
ORD_0241,2023-05-28,Sports,3.0,127.79,CUST_6021,Dumbbell Set
ORD_0743,2023-07-16,Electronics,8.0,201.43,CUST_7401,Smartphone X
ORD_0575,2023-08-11,Home & Kitchen,8.0,227.74,CUST_8036,Yoga Mat
ORD_0691,2023-06-13,Electronics,5.0,35.43,CUST_2447,Laptop Pro
ORD_0461,2023-12-15,Home & Kitchen,,241.97,CUST_9684,Coffee Maker
ORD_0554,2023-02-07,Sports,5.0,32.57,CUST_5668,Dumbbell Set
ORD_0896,2023-01-03,Electronics,5.0,240.07,CUST_9376,Laptop Pro
ORD_0207,2023-02-01,Books,1.0,28.61,CUST_7336,Python Crash Course
ORD_0393,2023-08-03,Home & Kitchen,1.0,327.38,CUST_5620,Coffee Maker
ORD_0795,2023-10-13,Books,8.0,55.13,CUST_5713,History of Rome
ORD_0398,2023-04-03,Clothing,9.0,466.1,CUST_1336,Denim Jeans
ORD_0767,2023-06-03,Clothing,9.0,471.22,CUST_5670,Winter Jacket
ORD_0866,2023-02-25,Home & Kitchen,9.0,204.75,CUST_6300,Blender
ORD_0218,2023-08-06,Clothing,5.0,379.76,CUST_1206,Running Shorts
ORD_0005,2023-03-13,Clothing,3.0,138.71,CUST_8260,Running Shorts
ORD_0769,2023-06-11,Books,3.0,15.63,CUST_3059,Sci-Fi Novel
ORD_0643,2023-08-08,Home & Kitchen,9.0,35.43,CUST_2073,Yoga Mat
ORD_0915,2023-01-25,Home & Kitchen,3.0,227.22,CUST_8452,Yoga Mat
ORD_0613,2023-07-13,Books,2.0,26.08,CUST_8962,History of Rome
ORD_0739,2023-04-15,Books,3.0,131.28,CUST_5780,Cooking 101
ORD_0547,2023-04-06,Sports,10.0,429.05,CUST_8409,Dumbbell Set
ORD_0726,2023-12-08,Books,6.0,440.88,CUST_3415,Data Science Handbook
ORD_0684,2023-08-12,Electronics,5.0,58.14,CUST_7763,Wireless Earbuds
ORD_0099,2023-10-12,Home & Kitchen,3.0,115.87,CUST_1370,Yoga Mat
ORD_0805,2023-02-20,Home & Kitchen,8.0,132.27,CUST_5319,Blender
ORD_0728,2023-06-26,Home & Kitchen,2.0,341.8,CUST_2609,Cutlery Set
ORD_0574,2023-07-25,Sports,4.0,38.27,CUST_7078,Basketball
ORD_0407,2023-06-19,Home & Kitchen,4.0,31.07,CUST_5204,Cutlery Set
ORD_0503,2023-06-09,Sports,5.0,465.04,CUST_6698,Yoga Mat
ORD_0048,2023-10-01,Sports,2.0,90.95,CUST_9026,Basketball
ORD_0033,2023-07-07,Books,9.0,117.07,CUST_7476,Cooking 101
ORD_0780,2023-12-09,Home & Kitchen,2.0,46.28,CUST_3851,Coffee Maker
ORD_0840,2023-05-02,Home & Kitchen,4.0,122.29,,Desk Lamp
ORD_0201,2023-04-23,Clothing,4.0,454.4,CUST_1570,Denim Jeans
ORD_0135,2023-01-15,Sports,4.0,59.62,CUST_1365,Running Shoes
ORD_0028,2023-08-24,Clothing,2.0,418.33,,Winter Jacket
ORD_0948,2023-04-22,Clothing,4.0,372.91,CUST_6675,Cotton T-Shirt
ORD_0231,2023-07-17,Clothing,3.0,227.29,CUST_2857,Denim Jeans
ORD_0490,2023-06-29,Sports,3.0,348.1,CUST_2961,Water Bottle
ORD_0773,2023-09-25,Books,4.0,278.41,CUST_1464,Data Science Handbook
ORD_0379,2023-01-13,Sports,10.0,,CUST_9263,Yoga Mat
ORD_0289,2023-04-09,Home & Kitchen,2.0,344.06,CUST_1861,Coffee Maker
ORD_0419,2023-09-19,Sports,5.0,25.4,CUST_1721,Water Bottle
ORD_0675,2023-11-01,Home & Kitchen,-2.0,,CUST_7715,Coffee Maker
ORD_0392,2023-10-15,Books,5.0,367.94,CUST_7531,History of Rome
ORD_0593,2023-05-13,Clothing,7.0,120.2,CUST_2449,Formal Shirt
ORD_0499,2023-10-07,Electronics,3.0,183.59,CUST_7615,Smart Watch
ORD_0139,2023-03-04,Electronics,7.0,294.31,CUST_3378,Wireless Earbuds
ORD_0063,2023-12-26,Home & Kitchen,4.0,29.87,CUST_6330,Yoga Mat
ORD_0472,2023-04-04,Electronics,1.0,110.44,CUST_2051,Laptop Pro
ORD_0648,2023-12-27,Clothing,9.0,213.81,CUST_2956,Cotton T-Shirt
ORD_0129,2023-01-05,Electronics,7.0,,CUST_3875,Smartphone X
ORD_0997,2023-10-20,Clothing,3.0,339.89,CUST_6231,Running Shorts
ORD_0521,2023-10-29,Sports,2.0,209.27,CUST_4672,Yoga Mat
ORD_0839,2023-03-02,Books,9.0,498.17,,Data Science Handbook
ORD_0983,2023-04-28,Books,7.0,351.35,CUST_2367,History of Rome
ORD_0065,2023-02-23,Clothing,4.0,135.78,CUST_9235,Formal Shirt
ORD_0813,2023-06-12,Clothing,-2.0,13.27,CUST_7364,Winter Jacket
ORD_0015,2023-06-01,Electronics,10.0,454.62,CUST_5234,Smart Watch
ORD_0157,2023-03-27,Clothing,8.0,419.39,CUST_1165,Running Shorts
ORD_0041,2023-11-16,Sports,4.0,441.13,CUST_9397,Running Shoes
ORD_0493,2023-05-27,Sports,6.0,22802.26907541164,CUST_5567,Dumbbell Set
ORD_0380,2023-11-12,Electronics,8.0,243.22,CUST_5482,Smartphone X
ORD_0188,2023-08-22,Electronics,4.0,83.76,CUST_3827,Smart Watch
ORD_0764,2023-04-05,Electronics,10.0,304.54,CUST_3330,Smartphone X
ORD_0217,2023-06-21,Books,9.0,55.9,,History of Rome
ORD_0792,2023-02-11,Sports,8.0,220.88,CUST_4982,Dumbbell Set
ORD_0053,2023-09-22,Sports,9.0,136.5,CUST_2505,Dumbbell Set
ORD_0879,2023-10-09,Books,-1.0,27.15,CUST_3229,History of Rome
ORD_0338,2023-06-02,Electronics,5.0,360.37,CUST_8124,Wireless Earbuds
ORD_0749,2023-02-22,Clothing,7.0,306.7,CUST_2553,Cotton T-Shirt
ORD_0720,2023-12-31,Clothing,9.0,246.31,CUST_1124,Formal Shirt
ORD_0725,2023-05-26,Electronics,2.0,121.1,CUST_8415,Smart Watch
ORD_0296,2023-07-27,Electronics,7.0,336.76,CUST_5131,Smartphone X
ORD_0702,2023-07-11,Clothing,9.0,246.43,,Denim Jeans
ORD_0252,2023-12-26,Books,2.0,268.34,CUST_7231,Sci-Fi Novel
ORD_0727,2023-08-27,Electronics,6.0,406.31,CUST_4096,Wireless Earbuds
ORD_0462,2023-09-04,Sports,4.0,39.26,CUST_1191,Running Shoes
ORD_0456,2023-09-29,Electronics,,84.64,CUST_9924,Tablet Lite
ORD_0281,2023-04-26,Home & Kitchen,2.0,160.01,CUST_8972,Coffee Maker
ORD_0816,2023-09-19,Sports,3.0,193.04,CUST_1931,Dumbbell Set
ORD_0863,2023-05-01,Electronics,3.0,251.82,CUST_8135,Laptop Pro
ORD_0270,2023-01-09,Clothing,6.0,469.17,CUST_2546,Running Shorts
ORD_0202,2023-11-04,Clothing,6.0,74.86,,Winter Jacket
ORD_0162,2023-03-03,Electronics,6.0,497.48,CUST_7047,Tablet Lite
ORD_0556,2023-06-10,Electronics,8.0,97.17,,Smartphone X
ORD_0730,2023-12-07,Electronics,10.0,165.11,CUST_4561,Wireless Earbuds
ORD_0402,2023-11-10,Clothing,8.0,35.58,CUST_2996,Cotton T-Shirt
ORD_0703,2023-05-25,Home & Kitchen,5.0,258.27,,Coffee Maker
ORD_0477,2023-02-08,Sports,8.0,164.42,CUST_1307,Dumbbell Set
ORD_0822,2023-08-28,Clothing,5.0,470.43,CUST_2311,Winter Jacket
ORD_0772,2023-11-02,Books,10.0,60.53,CUST_1016,Sci-Fi Novel
ORD_0106,2023-10-16,Books,1.0,48.03,CUST_3725,Python Crash Course
ORD_0566,2023-06-07,Sports,7.0,495.14,CUST_3866,Running Shoes
ORD_0390,2023-12-20,Clothing,8.0,191.87,CUST_4558,Formal Shirt
ORD_0002,2023-12-15,Home & Kitchen,1.0,124.75,CUST_7811,Desk Lamp
ORD_0991,2023-02-16,Home & Kitchen,8.0,342.66,CUST_8604,Desk Lamp
ORD_0741,2023-11-07,Clothing,6.0,101.59,,Formal Shirt
ORD_0562,2023-03-03,Home & Kitchen,9.0,448.37,CUST_4932,Cutlery Set
ORD_0932,2023-03-24,Home & Kitchen,4.0,416.15,CUST_8697,Coffee Maker
ORD_0081,2023-10-23,Clothing,8.0,256.06,CUST_3891,Cotton T-Shirt
ORD_0206,2023-04-23,Home & Kitchen,7.0,234.65,CUST_8427,Desk Lamp
ORD_0035,2023-09-07,Home & Kitchen,3.0,25404.244919596815,CUST_9181,Desk Lamp
ORD_0776,2023-10-08,Home & Kitchen,7.0,103.01,CUST_9711,Desk Lamp
ORD_0509,2023-06-28,Clothing,5.0,433.34,CUST_6314,Cotton T-Shirt
ORD_0428,2023-04-05,Sports,9.0,383.53,CUST_2647,Dumbbell Set
ORD_0455,2023-08-25,Clothing,9.0,111.48,CUST_2504,Running Shorts
ORD_0367,2023-06-04,Sports,10.0,99.58,CUST_7263,Dumbbell Set
ORD_0092,2023-06-06,Sports,8.0,350.49,CUST_7859,Water Bottle
ORD_0340,2023-12-15,Books,5.0,448.91,CUST_1844,Sci-Fi Novel
ORD_0898,2023-08-26,Books,4.0,112.91,CUST_7897,Sci-Fi Novel
ORD_0565,2023-12-08,Sports,7.0,85.37,CUST_9551,Yoga Mat
ORD_0346,2023-04-26,Electronics,5.0,466.13,,Wireless Earbuds
ORD_0777,2023-09-08,Electronics,4.0,295.27,CUST_6956,Laptop Pro
ORD_0242,2023-09-09,Home & Kitchen,8.0,162.83,CUST_5735,Yoga Mat
ORD_0014,2023-12-26,Sports,5.0,306.0,CUST_5994,Dumbbell Set
ORD_0316,2023-10-10,Sports,7.0,412.5,CUST_4318,Basketball
ORD_0601,2023-03-17,Home & Kitchen,1.0,220.75,CUST_6904,Cutlery Set
ORD_0388,2023-05-23,Sports,1.0,213.74,CUST_4416,Basketball
ORD_0274,2023-10-31,Home & Kitchen,8.0,353.02,CUST_3617,Blender
ORD_0167,2023-02-13,Home & Kitchen,2.0,25.16,CUST_5804,Yoga Mat
ORD_0841,2023-02-20,Sports,,277.97,CUST_2907,Dumbbell Set
ORD_0637,2023-01-19,Books,7.0,364.33,CUST_2939,Sci-Fi Novel
ORD_0647,2023-11-13,Clothing,6.0,323.91,CUST_8331,Winter Jacket
ORD_0819,2023-05-06,Books,1.0,198.95,CUST_4406,Python Crash Course
ORD_0485,2023-01-10,Electronics,2.0,474.22,CUST_6305,Wireless Earbuds
ORD_0522,2023-09-10,Electronics,9.0,476.98,CUST_5765,Smart Watch
ORD_0505,2023-06-01,Electronics,10.0,277.96,CUST_7653,Smartphone X
ORD_0832,2023-08-10,Clothing,4.0,446.13,CUST_5713,Winter Jacket
ORD_0244,2023-05-27,Home & Kitchen,6.0,,CUST_7582,Cutlery Set
ORD_0567,2023-01-19,Electronics,4.0,477.88,CUST_6898,Tablet Lite
ORD_0876,2023-01-08,Clothing,3.0,433.94,CUST_1194,Cotton T-Shirt
ORD_0563,2023-03-25,Clothing,4.0,10.22,CUST_1584,Winter Jacket
ORD_0973,2023-04-04,Electronics,5.0,437.02,CUST_1325,Smart Watch
ORD_0687,2023-05-06,Books,8.0,71.31,,Data Science Handbook
ORD_0958,2023-04-09,Electronics,9.0,69.53,CUST_7911,Laptop Pro
ORD_0190,2023-01-06,Home & Kitchen,7.0,111.58,,Desk Lamp
ORD_0783,2023-08-17,Books,3.0,372.68,CUST_6901,Sci-Fi Novel
ORD_0700,2023-02-10,Sports,3.0,279.16,CUST_4722,Yoga Mat
ORD_0476,2023-12-07,Clothing,5.0,425.13,CUST_3105,Denim Jeans
ORD_0682,2023-01-12,Home & Kitchen,8.0,87.92,CUST_2657,Cutlery Set
ORD_0511,2023-09-25,Sports,1.0,449.86,CUST_1270,Running Shoes
ORD_0059,2023-02-04,Clothing,1.0,432.81,CUST_2892,Winter Jacket
ORD_0475,2023-08-06,Home & Kitchen,5.0,449.08,CUST_7320,Desk Lamp
ORD_0561,2023-09-30,Clothing,4.0,207.35,CUST_2260,Running Shorts
ORD_0857,2023-08-06,Electronics,1.0,302.58,CUST_9532,Laptop Pro
ORD_0748,2023-01-23,Books,1.0,440.21,CUST_6874,Data Science Handbook
ORD_0253,2023-05-09,Home & Kitchen,3.0,319.95,CUST_4327,Cutlery Set
ORD_0022,2023-11-07,Books,5.0,229.26,CUST_9385,Cooking 101
ORD_0314,2023-02-20,Electronics,4.0,434.8,CUST_4216,Tablet Lite
ORD_0460,2023-05-10,Electronics,6.0,305.61,CUST_9100,Tablet Lite
ORD_0161,2023-02-14,Home & Kitchen,3.0,227.62,CUST_1991,Yoga Mat
ORD_0277,2023-06-01,Clothing,4.0,364.34,CUST_3775,Cotton T-Shirt
ORD_0956,2023-11-07,Books,8.0,368.88,CUST_7998,Cooking 101
ORD_0192,2023-06-09,Home & Kitchen,-1.0,369.94,CUST_8845,Cutlery Set
ORD_0386,2023-09-21,Sports,8.0,101.15,CUST_8869,Dumbbell Set
ORD_0806,2023-03-22,Home & Kitchen,6.0,10.99,CUST_9975,Yoga Mat
ORD_0414,2023-03-01,Clothing,7.0,128.53,CUST_9347,Running Shorts
ORD_0492,2023-09-07,Home & Kitchen,8.0,466.0,CUST_7603,Desk Lamp
ORD_0344,2023-04-09,Books,5.0,470.82,CUST_2234,Cooking 101
ORD_0770,2023-04-28,Home & Kitchen,8.0,230.56,CUST_1140,Desk Lamp
ORD_0309,2023-08-26,Sports,1.0,115.17,CUST_7381,Running Shoes
ORD_0662,2023-10-30,Home & Kitchen,6.0,83.3,CUST_4847,Coffee Maker
ORD_0131,2023-09-12,Sports,1.0,13.29,CUST_2837,Yoga Mat
ORD_0664,2023-03-21,Electronics,9.0,213.09,CUST_4575,Laptop Pro
ORD_0872,2023-12-03,Sports,1.0,219.47,CUST_8498,Dumbbell Set
ORD_0100,2023-05-09,Books,4.0,,CUST_1857,History of Rome
ORD_0373,2023-02-08,Home & Kitchen,9.0,242.95,CUST_7901,Cutlery Set
ORD_0088,2023-05-08,Sports,10.0,,CUST_6944,Yoga Mat
ORD_0459,2023-10-03,Electronics,2.0,469.32,CUST_5485,Smartphone X
ORD_0331,2023-06-21,Home & Kitchen,6.0,413.65,CUST_7094,Desk Lamp
ORD_0215,2023-05-10,Books,2.0,475.06,CUST_9566,Sci-Fi Novel
ORD_0467,2023-07-04,Electronics,5.0,270.06,CUST_7999,Smart Watch
ORD_0122,2023-12-26,Books,3.0,260.72,CUST_4748,Python Crash Course
ORD_0615,2023-01-29,Sports,1.0,,CUST_3462,Dumbbell Set
ORD_0021,2023-10-21,Sports,9.0,240.17,CUST_3607,Yoga Mat
ORD_0701,2023-08-16,Books,3.0,162.87,CUST_5906,Sci-Fi Novel
ORD_0072,2023-06-11,Sports,7.0,451.16,CUST_2925,Basketball
ORD_0107,2023-09-18,Home & Kitchen,3.0,275.84,CUST_7204,Coffee Maker
ORD_0271,2023-08-21,Home & Kitchen,9.0,,CUST_7065,Coffee Maker
ORD_0861,2023-09-06,Home & Kitchen,2.0,443.63,CUST_8392,Coffee Maker
ORD_0436,2023-04-02,Clothing,9.0,197.46,CUST_5512,Winter Jacket
ORD_0103,2023-05-19,Home & Kitchen,7.0,199.82,CUST_1383,Blender
